<image_list>

<image file="/paws/eedit/normal.dds" resource="Standard Mouse Pointer">
    <alpha level="0" />
    <trans r="255" g="255" b="255" />
</image>

<image file="/paws/eedit/busy.dds" resource="Busy Mouse Pointer">
    <alpha level="0" />
    <trans r="255" g="0" b="255" />    
</image>

<image file="/paws/eedit/titlebar.dds" resource="TitleBar">
    <alpha level="0" />
    <trans r="255" g="0" b="255" />    
</image>
<image file="/paws/eedit/titlebar.dds" resource="TitleBarShort">
    <texturerect x="0" y="0" width="256" height="24" />
    <alpha level="0" />
    <trans r="255" g="0" b="255" />    
</image>
<image file="/paws/eedit/backtall.dds" resource="BackTall">
    <alpha level="0" />
    <trans r="255" g="0" b="255" />    
</image>
<image file="/paws/eedit/back.dds" resource="Back">
    <alpha level="0" />
    <trans r="255" g="0" b="255" />    
</image>
<image file="/paws/eedit/backmedium.dds" resource="BackMedium">
    <!--<texturerect x="0" y="128" width="256" height="128" />-->
    <alpha level="0" />
    <trans r="255" g="0" b="255" />
</image>
<image file="/paws/eedit/backshort.dds" resource="BackShort">
    <!--<texturerect x="0" y="192" width="256" height="64" />-->
    <alpha level="0" />
    <trans r="255" g="0" b="255" />
</image>
<image file="/paws/eedit/shaded.dds" resource="Shaded">
    <alpha level="0" />
    <trans r="255" g="0" b="255" />    
</image>
<image file="/paws/eedit/shaded.dds" resource="Standard Background">
    <alpha level="0" />
    <trans r="255" g="0" b="255" />    
</image>

<image file="/paws/eedit/shaded.dds" resource="Scaling Widget Background">
    <alpha level="0" />
    <trans r="255" g="0" b="255" />    
</image>

<image file="/paws/eedit/radiooff.dds" resource="RadioOff">
    <alpha level="0" />
    <trans r="255" g="0" b="255" />    
</image>
<image file="/paws/eedit/radioon.dds" resource="RadioOn">
    <alpha level="0" />
    <trans r="255" g="0" b="255" />    
</image>

<image file="/paws/eedit/buttondown.dds" resource="ButtonDown">
    <alpha level="0" />
</image>
<image file="/paws/eedit/buttonup.dds" resource="ButtonUp">
    <alpha level="0" />
</image>


<image file="/paws/eedit/listselect.dds" resource="ListSelect">
    <alpha level="0" />
</image>

<image file="/paws/eedit/treeexpand.dds" resource="treeexpand">
    <alpha level="0" />
</image>

<image file="/paws/eedit/treecollapse.dds" resource="treecollapse">
    <alpha level="0" />
</image>

<image file="/paws/eedit/scrollthumb.dds" resource="ScrollBar Thumb">
    <alpha level="0" />
</image>

<image file="/paws/eedit/scrollthumbmove.dds" resource="ScrollBar Thumb Moving">
    <alpha level="0" />
</image>

<image file="/paws/eedit/spindown.dds" resource="SpinDown">
    <alpha level="0" />
</image>
<image file="/paws/eedit/spinup.dds" resource="SpinUp">
    <alpha level="0" />
</image>

<image file="/paws/eedit/down.dds" resource="Down Arrow">
    <alpha level="0" />
</image>
<image file="/paws/eedit/up.dds" resource="Up Arrow">
    <alpha level="0" />
</image>
<image file="/paws/eedit/left.dds" resource="Left Arrow">
    <alpha level="0" />
</image>
<image file="/paws/eedit/right.dds" resource="Right Arrow">
    <alpha level="0" />
</image>

</image_list>
