<image_list>

<!-- mouse cursors -->
<image file="/paws/real_skin/pointer_normal.png" resource="Skins Normal Mouse Pointer">
    <alpha level="0" />
    <trans r="255" g="255" b="255" />
</image>

<!-- background images of simple windows -->

<image file="/paws/real_skin/backdrop/activemagic.png" resource="Active Magic Background">
</image>

<image file="/paws/real_skin/backdrop/info.png" resource="Info Background">
</image>

<image file="/paws/real_skin/gui/small_blank_bg.png" resource="Small Blank Background">
</image>

<image file="/paws/real_skin/gui/textfield.png" resource="Entry Field Background">
</image>

<image file="/paws/real_skin/backdrop/shortcut.png" resource="Shortcut Background">
</image>

<image file="/paws/real_skin/backdrop/gmbackground.png" resource="GM Background">
</image>

<image file="/paws/real_skin/gui/shortbutton.png" resource="Shortcut Button">
</image>

<image file="/paws/real_skin/gui/groupmember.png" resource="Groupmember Background">
</image>

<image file="/paws/real_skin/gui/casting.png" resource="Spell Cancel">
</image>

<image file="/paws/real_skin/backdrop/buddylist.png" resource="Buddy Background">
</image>

<image file="/paws/real_skin/backdrop/banking.png" resource="Banking Background">
</image>

<image file="/paws/real_skin/backdrop/config.png" resource="Config Background">
</image>

<image file="/paws/real_skin/backdrop/options.png" resource="Options Background">
</image>

<image file="/paws/real_skin/backdrop/merchant.png" resource="Merchant Background">
</image>

<image file="/paws/real_skin/backdrop/loot.png" resource="Loot Background">
</image>

<image file="/paws/real_skin/backdrop/skills.png" resource="Skills Background">
</image>

<image file="/paws/real_skin/backdrop/detail.png" resource="Detail Background">
</image>

<image file="/paws/real_skin/backdrop/glyphs.png" resource="Glyphs Background">
</image>

<image file="/paws/real_skin/backdrop/petitions.png" resource="Petitions Background">
</image>

<image file="/paws/real_skin/backdrop/group.png" resource="Group Background">
</image>
<image file="/paws/real_skin/gui/group_member.png" resource="Group Member">
</image>

<image file="/paws/real_skin/backdrop/quests.png" resource="Quests Background">
</image>

<image file="/paws/real_skin/backdrop/help.png" resource="Help Background">
</image>

<image file="/paws/real_skin/backdrop/quest_reward.png" resource="Quests Reward Background">
</image>

<image file="/paws/real_skin/backdrop/guild_main.png" resource="Guild Main Background">
</image>
<image file="/paws/real_skin/backdrop/guild_rights.png" resource="Guild Rights Background">
</image>
<image file="/paws/real_skin/backdrop/guild_members.png" resource="Guild Members Background">
</image>
<image file="/paws/real_skin/backdrop/guild_alliances.png" resource="Guild Alliances Background">
</image>

<image file="/paws/real_skin/backdrop/spellbook.png" resource="Spellbook Background">
</image>

<image file="/paws/real_skin/backdrop/numberprompt.png" resource="Number Prompt Background">
</image>

<image file="/paws/real_skin/backdrop/containdesc.png" resource="Container Desc Background">
</image>

<image file="/paws/real_skin/backdrop/options.png" resource="Options Background">
</image>

<image file="/paws/real_skin/backdrop/examine.png" resource="Examine Background">
</image>

<image file="/paws/real_skin/backdrop/readbook.png" resource="ReadBook Background">
</image>

<image file="/paws/real_skin/backdrop/quest_reward.png" resource="Modify Description BG">
    <texturerect x="0" y="20" width="367" height="317" />
</image>


<!-- Merchant window -->
<image file="/paws/real_skin/gui/slotborder.png" resource="Bulk Item Slot">
    <texturerect x="0" y="0" width="48" height="48" />
    <alpha level="0" />
</image>

<!-- Exchange window -->
<image file="/paws/real_skin/gui/accepted_back.png" resource="Accepted Background">
    <alpha level="200" />
</image>

<image file="/paws/real_skin/gui/bulk.png"
       resource="MerchantTrade">
</image>

<image file="/paws/real_skin/gui/bulk.png"
       resource="ExchangeAccept">
</image>


<!-- Skill Window Buttons -->
<image file="/paws/real_skin/gui/bulk.png"
       resource="BuySkill">
</image>
<image file="/paws/real_skin/gui/view.png"
       resource="FilterSkill">
</image>
<image file="/paws/real_skin/gui/scribe.png"
       resource="Scribe">
</image>


<!-- Modify character description window -->
<image file="/paws/real_skin/gui/button.png"
       resource="Modify Save">
</image>
<image file="/paws/real_skin/gui/button.png"
       resource="Modify Cancel">
</image>


<!-- Container description window -->
<image file="/paws/real_skin/gui/bulk.png"
       resource="InventoryBulk">
</image>
<image file="/paws/real_skin/gui/container_slot.png"
       resource="ContainerBulk">
</image>

<!-- chat window -->
<image file="/paws/real_skin/backdrop/chatbg.png" resource="Chat Background">
</image>
<image file="/paws/real_skin/gui/chat_button_top_flash.png" resource="Chat Tab Button Down">
  <alpha level="0" /> 
</image>
<image file="/paws/real_skin/gui/chat_button_top.png" resource="Chat Tab Button Up">
  <alpha level="0" /> 
</image>
<image file="/paws/real_skin/gui/chat_button_top.png" resource="Banking Tab Button Up">
	<alpha level="0" /> 
</image>
<image file="/paws/real_skin/gui/chat_button_top_flash.png" resource="Banking Tab Button Down">
	<alpha level="0" /> 
</image>
<image file="/paws/real_skin/gui/title_bar.png" resource="Nanaki Title Bar" >
  <alpha level="0" />
</image>

<!-- Inventory Window character slot icons -->
<image file="/paws/real_skin/backdrop/inventory.png" resource="Inventory">
</image>

<image file="/paws/real_skin/backdrop/smallinventory.png" resource="SmallInventory">
</image>

<image file="/paws/real_skin/gui/inventory/inventory_legs.png"
       resource="InventoryLegs">
</image>
<image file="/paws/real_skin/gui/inventory/inventory_belt.png"
       resource="InventoryBelt">
</image>
<image file="/paws/real_skin/gui/inventory/inventory_boots.png"
       resource="InventoryBoots">
</image>
<image file="/paws/real_skin/gui/inventory/inventory_gloves.png"
       resource="InventoryGloves">
</image>
<image file="/paws/real_skin/gui/inventory/inventory_arms.png"
       resource="InventoryArms">
</image>
<image file="/paws/real_skin/gui/inventory/inventory_neck.png"
       resource="InventoryNeck">
</image>
<image file="/paws/real_skin/gui/inventory/inventory_head.png"
       resource="InventoryHead">
</image>
<image file="/paws/real_skin/gui/inventory/inventory_torso.png"
       resource="InventoryTorso">
</image>
<image file="/paws/real_skin/gui/inventory/inventory_back.png"
       resource="InventoryBack">
</image>
<image file="/paws/real_skin/gui/inventory/inventory_bracers.png"
       resource="InventoryBracers">
</image>
<image file="/paws/real_skin/gui/inventory/inventory_right.png"
       resource="InventoryRight">
</image>
<image file="/paws/real_skin/gui/inventory/inventory_left.png"
       resource="InventoryLeft">
</image>


<!-- Interact Window Buttons -->
<image file="/paws/real_skin/buttons/popup/popup_look.png"
       resource="ButtonLook">
</image>
<image file="/paws/real_skin/buttons/popup/popup_open.png"
       resource="ButtonOpen">
</image>
<image file="/paws/real_skin/buttons/popup/popup_use.png"
       resource="ButtonPush">
</image>
<image file="/paws/real_skin/buttons/popup/popup_combine.png"
       resource="ButtonCombine">
</image>
<image file="/paws/real_skin/buttons/popup/popup_pickup.png"
       resource="ButtonPickup">
</image>
<image file="/paws/real_skin/buttons/popup/drop.png"
       resource="ButtonDrop">
</image>
<image file="/paws/real_skin/buttons/popup/popup_exit.png"
       resource="ButtonClose">
</image>
<image file="/paws/real_skin/buttons/popup/popup_loot.png"
       resource="ButtonLoot">
</image>
<image file="/paws/real_skin/buttons/popup/popup_buy.png"
       resource="ButtonBuy">
</image>
<image file="/paws/real_skin/buttons/popup/popup_sell.png"
       resource="ButtonSell">
</image>
<image file="/paws/real_skin/buttons/popup/popup_attack.png"
       resource="ButtonAttack">
</image>

<image file="/paws/real_skin/buttons/popup/popup_give.png"
       resource="ButtonGive">
</image>

<image file="/paws/real_skin/buttons/popup/popup_train.png"
       resource="ButtonTrain">
</image>
<image file="/paws/real_skin/buttons/popup/popup_speak.png"
       resource="ButtonSpeak">
</image>
<image file="/paws/real_skin/buttons/popup/popup_pet_dismiss.png"
       resource="ButtonPetDismiss">
</image>
<image file="/paws/real_skin/buttons/popup/popup_marry.png"
       resource="ButtonMarriage">
</image>
<image file="/paws/real_skin/buttons/popup/popup_divorce.png"
       resource="ButtonDivorce">
</image>
<image file="/paws/real_skin/buttons/popup/popup_introduce.png"
       resource="ButtonIntroduce">
</image>
<image file="/paws/real_skin/buttons/popup/popup_banking.png"
       resource="ButtonBanking">
</image>


<image file="/paws/real_skin/backdrop/invborder.png" resource="invborder">
</image>

<image file="/paws/real_skin/gui/quit.png"
       resource="quit">
</image>


<!-- standard buttons and backgrounds -->
<image file="/paws/real_skin/gui/resize.png" resource="ResizeBox" />

<image file="/paws/real_skin/gui/button.png" resource="Standard Button">
</image>

<image file="/paws/real_skin/gui/invback.png" resource="Standard Background">
</image>

<image file="/paws/real_skin/gui/darkblue_bg.png" resource="Blue Background" tiled="true" >
<alpha level="0" />
</image>

<image file="/paws/real_skin/gui/grey_bg.png" resource="Grey Background" tiled="true">
  <alpha level="0" />
  </image>

<image file="/paws/real_skin/gui/title_bar.png" resource="Blue Title" >
<alpha level="0" />
</image>

<image file="/paws/real_skin/gui/highlightbar.png" resource="Hightlight" tiled="true">
    <alpha level="128" />    
</image>

<image file="/paws/real_skin/gui/view.png"
       resource="view">
</image>


<!-- pawsTree stuff -->

<image file="/paws/real_skin/buttons/treeexpand.png" resource="treeexpand">
    <alpha level="0" />
    <trans r="0" g="0" b="0" />    
</image>

<image file="/paws/real_skin/buttons/treecollapse.png" resource="treecollapse">
    <alpha level="0" />
    <trans r="0" g="0" b="0" />    
</image>

<!-- pawsMenu stuff -->

<image file="/paws/real_skin/buttons/stickyon.png" resource="stickyon">
    <alpha level="0" />
    <trans r="0" g="0" b="0" />    
</image>

<image file="/paws/real_skin/buttons/stickyoff.png" resource="stickyoff">
    <alpha level="0" />
    <trans r="0" g="0" b="0" />    
</image>


<!-- Money Icons -->
<image file="/paws/real_skin/gui/money_hexa01a_icon.png"
       resource="MoneyHexas">
</image>
<image file="/paws/real_skin/gui/money_tria01a_icon.png"
       resource="MoneyTrias">
</image>

<image file="/paws/real_skin/gui/money_octa01a_icon.png"
       resource="MoneyOctas">
</image>

<image file="/paws/real_skin/gui/money_circle01a_icon.png"
       resource="MoneyCircles">
</image>


<!-- Magic Icons -->

<image file="/paws/real_skin/gui/purify_icon.png"
       resource="PurifyGlyphButton">
</image>

<image file="/paws/real_skin/gui/learn_icon.png"
       resource="SaveSpellButton">
</image>

<image file="/paws/real_skin/gui/cast_icon.png"
       resource="CastSpellButton">
</image>

<image file="/paws/real_skin/gui/experiment_icon.png"
       resource="ResearchSpellButton">
</image>

<image file="/paws/real_skin/gui/activemagic_icon.png"
       resource="ActiveMagicButton">
</image>

<!-- Glyph Slot Icons -->
<image file="/paws/real_skin/gui/glyph_slot_purified.png"
       resource="GlyphSlotPurified">
    <texturerect x="0" y="0" width="48" height="48" /> 
</image>
<image file="/paws/real_skin/gui/glyph_slot_purifying.png"
       resource="GlyphSlotPurifying">
    <texturerect x="0" y="0" width="48" height="48" /> 
</image>
<image file="/paws/real_skin/gui/glyph_slot_to-be-purified.png"
       resource="GlyphSlotToBePurified">
    <texturerect x="0" y="0" width="48" height="48" /> 
</image>


<!-- Images for the main controller window (the Toolbar) -->
<image file="/paws/real_skin/gui/toolbar/options.png" 
       resource="OptionsButton">
</image>

<image file="/paws/real_skin/gui/toolbar/inventory.png" 
       resource="InventoryButton">
</image>

<image file="/paws/real_skin/gui/toolbar/info.png" 
       resource="InfoButton">
</image>

<image file="/paws/real_skin/gui/toolbar/spellbook.png" 
       resource="MagicButton">
</image>

<image file="/paws/real_skin/gui/toolbar/exit.png" 
       resource="QuitButton">
</image>

<image file="/paws/real_skin/gui/toolbar/buddylist.png" 
       resource="BuddyButton">
</image>

<image file="/paws/real_skin/gui/toolbar/chat.png" 
       resource="ChatButton">
</image>

<image file="/paws/real_skin/gui/toolbar/group.png" 
       resource="GroupButton">
</image>

<image file="/paws/real_skin/gui/toolbar/guild.png" 
       resource="GuildButton">
</image>

<image file="/paws/real_skin/gui/toolbar/help.png" 
       resource="HelpButton">
</image>

<image file="/paws/real_skin/gui/toolbar/petition.png" 
       resource="PetitionButton">
</image>

<image file="/paws/real_skin/gui/toolbar/questbook.png" 
       resource="QuestButton">
</image>

<image file="/paws/real_skin/gui/toolbar/shortcuts.png" 
       resource="ShortcutButton">
</image>

<image file="/paws/real_skin/gui/toolbar/skill.png" 
       resource="SkillsButton">
</image>

<image file="/paws/real_skin/gui/toolbar/options_over.png" 
       resource="OptionsButton_over">
</image>

<image file="/paws/real_skin/gui/toolbar/inventory_over.png" 
       resource="InventoryButton_over">
</image>

<image file="/paws/real_skin/gui/toolbar/info_over.png" 
       resource="InfoButton_over">
</image>

<image file="/paws/real_skin/gui/toolbar/spellbook_over.png" 
       resource="MagicButton_over">
</image>

<image file="/paws/real_skin/gui/toolbar/exit_over.png" 
       resource="QuitButton_over">
</image>

<image file="/paws/real_skin/gui/toolbar/buddylist_over.png" 
       resource="BuddyButton_over">
</image>

<image file="/paws/real_skin/gui/toolbar/chat_over.png" 
       resource="ChatButton_over">
</image>

<image file="/paws/real_skin/gui/toolbar/group_over.png" 
       resource="GroupButton_over">
</image>

<image file="/paws/real_skin/gui/toolbar/guild_over.png" 
       resource="GuildButton_over">
</image>

<image file="/paws/real_skin/gui/toolbar/help_over.png" 
       resource="HelpButton_over">
</image>

<image file="/paws/real_skin/gui/toolbar/petition_over.png" 
       resource="PetitionButton_over">
</image>

<image file="/paws/real_skin/gui/toolbar/questbook_over.png" 
       resource="QuestButton_over">
</image>

<image file="/paws/real_skin/gui/toolbar/shortcuts_over.png" 
       resource="ShortcutButton_over">
</image>

<image file="/paws/real_skin/gui/toolbar/skill_over.png" 
       resource="SkillsButton_over">
</image>

<image file="/paws/real_skin/gui/toolbar/options_active.png" 
       resource="OptionsButton_active">
</image>

<image file="/paws/real_skin/gui/toolbar/inventory_active.png" 
       resource="InventoryButton_active">
</image>

<image file="/paws/real_skin/gui/toolbar/info_active.png" 
       resource="InfoButton_active">
</image>

<image file="/paws/real_skin/gui/toolbar/spellbook_active.png" 
       resource="MagicButton_active">
</image>

<image file="/paws/real_skin/gui/toolbar/exit_active.png" 
       resource="QuitButton_active">
</image>

<image file="/paws/real_skin/gui/toolbar/buddylist_active.png" 
       resource="BuddyButton_active">
</image>

<image file="/paws/real_skin/gui/toolbar/chat_active.png" 
       resource="ChatButton_active">
</image>

<image file="/paws/real_skin/gui/toolbar/group_active.png" 
       resource="GroupButton_active">
</image>

<image file="/paws/real_skin/gui/toolbar/guild_active.png" 
       resource="GuildButton_active">
</image>

<image file="/paws/real_skin/gui/toolbar/help_active.png" 
       resource="HelpButton_active">
</image>

<image file="/paws/real_skin/gui/toolbar/petition_active.png" 
       resource="PetitionButton_active">
</image>

<image file="/paws/real_skin/gui/toolbar/questbook_active.png" 
       resource="QuestButton_active">
</image>

<image file="/paws/real_skin/gui/toolbar/shortcuts_active.png" 
       resource="ShortcutButton_active">
</image>

<image file="/paws/real_skin/gui/toolbar/skill_active.png" 
       resource="SkillsButton_active">
</image>

<image file="/paws/real_skin/gui/toolbar/minimize_up.png"
       resource="MiniUp" >
</image>

<image file="/paws/real_skin/gui/toolbar/minimize_down.png"
       resource="MiniDown" >
</image>

<!-- Images for the info/status window -->
<image file="/paws/real_skin/buttons/stance/stopattack_active.png"
	resource="ButtonStopAttackActive" >
</image>
<image file="/paws/real_skin/buttons/stance/bloody_active.png"
	resource="ButtonAttackBloodyActive" >
</image>
<image file="/paws/real_skin/buttons/stance/aggressive_active.png"
	resource="ButtonAttackAggressiveActive" >
</image>
<image file="/paws/real_skin/buttons/stance/normal_active.png"
	resource="ButtonAttackNormalActive" >
</image>
<image file="/paws/real_skin/buttons/stance/defense_active.png"
	resource="ButtonAttackDefensiveActive" >
</image>
<image file="/paws/real_skin/buttons/stance/fulldefense_active.png"
	resource="ButtonAttackFullDefActive" >
</image>

<image file="/paws/real_skin/buttons/stance/stopattack.png"
	resource="ButtonStopAttack" >
</image>
<image file="/paws/real_skin/buttons/stance/bloody.png"
	resource="ButtonAttackBloody">
</image>
<image file="/paws/real_skin/buttons/stance/aggressive.png"
	resource="ButtonAttackAggressive">
</image>
<image file="/paws/real_skin/buttons/stance/normal.png"
	resource="ButtonAttackNormal" >
</image>
<image file="/paws/real_skin/buttons/stance/defense.png"
	resource="ButtonAttackDefensive" >
</image>
<image file="/paws/real_skin/buttons/stance/fulldefense.png"
	resource="ButtonAttackFullDef" >
</image>

<image file="/paws/real_skin/buttons/radio.png" resource="radiooff">
    <alpha level="0" />
    <trans r="255" g="0" b="255" />    
</image>

<image file="/paws/real_skin/buttons/radioon.png" resource="radioon">
    <alpha level="0" />
    <trans r="255" g="0" b="255" />    
</image>

<image file="/paws/real_skin/backdrop/minigame.png" resource="Minigame Background"></image>

<image file="/paws/real_skin/components2.png" resource="Checkbox Unchecked">
    <texturerect x="3" y="2" width="24" height="21" /> 
</image>

<image file="/paws/real_skin/components2.png" resource="Checkbox Checked">
    <texturerect x="3" y="27" width="24" height="21" /> 
</image>

<image file="/paws/real_skin/components2.png" resource="New Up Arrow">
    <texturerect x="51" y="97" width="18" height="16" /> 
</image>

<image file="/paws/real_skin/components2.png" resource="New Up Arrow Pressed">
    <texturerect x="73" y="117" width="18" height="16" /> 
</image>

<image file="/paws/real_skin/components2.png" resource="New Down Arrow">
    <texturerect x="51" y="117" width="18" height="16" /> 
</image>

<image file="/paws/real_skin/components2.png" resource="New Down Arrow Pressed">
    <texturerect x="73" y="117" width="18" height="16" /> 
</image>

<frame resource="Scaling Red Button" file="/paws/real_skin/buttons.jpg" type="horizontal">
    <left   tx="235" ty="11" tw="5" th="58"/>
    <middle tx="240" ty="11" tw="3" th="58" tile="true" />
    <right  tx="288" ty="11" tw="5" th="58"/>
</frame>

<frame resource="Scaling Title Bar" file="/paws/real_skin/components2.png" type="horizontal">
    <left   tx="29"  ty="138" tw="12" th="33"/>
    <middle tx="50"  ty="138" tw="10" th="33" tile="true" />
    <right  tx="151" ty="138" tw="12" th="33"/>
</frame>

<frame resource="Scaling Widget Background" file="/paws/real_skin/components2.png">
    <top_left     tx="34"  ty="2"  tw="8" th="8"/>
    <top          tx="60"  ty="2"  tw="8" th="8" tile="true" />
    <top_right    tx="115" ty="2"  tw="8" th="8"/>
    <left         tx="34"  ty="28" tw="8"  th="8"/>
    <middle       tx="50"  ty="185" tw="20" th="8" tile="true" />
    <right        tx="115" ty="28"  tw="8" th="8"/>
    <bottom_left  tx="34"  ty="83"  tw="8" th="8"/>
    <bottom       tx="60"  ty="83"  tw="8" th="8" tile="true" />
    <bottom_right tx="115" ty="83"  tw="8" th="8"/>
</frame>

<frame resource="Scaling Button Up" file="/paws/real_skin/components2.png">
    <top_left     tx="133" ty="2"  tw="6" th="6"/>
    <top          tx="150" ty="2"  tw="6" th="6" tile="true" />
    <top_right    tx="205" ty="2"  tw="6" th="6"/>
    <left         tx="133" ty="10" tw="6" th="6"/>
    <middle       tx="150" ty="10" tw="6" th="6" tile="true" />
    <right        tx="205" ty="10" tw="6" th="6"/>
    <bottom_left  tx="133" ty="20" tw="6" th="6"/>
    <bottom       tx="150" ty="20" tw="6" th="6" tile="true" />
    <bottom_right tx="205" ty="20" tw="6" th="6"/>
</frame>

<frame resource="Scaling Button Down" file="/paws/real_skin/components2.png">
    <top_left     tx="133" ty="27"  tw="6" th="6"/>
    <top          tx="150" ty="27"  tw="6" th="6" tile="true" />
    <top_right    tx="205" ty="27"  tw="6" th="6"/>
    <left         tx="133" ty="35" tw="6" th="6"/>
    <middle       tx="150" ty="35" tw="6" th="6" tile="true" />
    <right        tx="205" ty="35" tw="6" th="6"/>
    <bottom_left  tx="133" ty="45" tw="6" th="6"/>
    <bottom       tx="150" ty="45" tw="6" th="6" tile="true" />
    <bottom_right tx="205" ty="45" tw="6" th="6"/>
</frame>

<frame resource="Scaling Field Background" file="/paws/real_skin/components2.png">
    <top_left     tx="29"  ty="138"  tw="12" th="12"/>
    <top          tx="60"  ty="138"  tw="12" th="12" tile="true" />
    <top_right    tx="151" ty="138"  tw="12" th="12"/>
    <left         tx="29"  ty="150"  tw="12" th="12"/>
    <middle       tx="50"  ty="185" tw="20" th="8" tile="true" />
    <right        tx="151" ty="150"  tw="12" th="12"/>
    <bottom_left  tx="29"  ty="162"  tw="12" th="12"/>
    <bottom       tx="60"  ty="162"  tw="12" th="12" tile="true" />
    <bottom_right tx="151" ty="162"  tw="12" th="12"/>
</frame>

</image_list>

