<image_list>

<!-- The splash window graphics -->
<image file="/paws/skin/backdrop/splash17.dds" resource="Splash Background">
    <texturerect x="0" y="128" width="1024" height="768" /> 
</image>

<!-- Main Character creation screen graphics -->
<image file="/paws/skin/backdrop/menu17.dds" resource="Login Background">
    <texturerect x="0" y="128" width="1024" height="768" /> 
</image>
<image file="/paws/skin/backdrop/charborder.dds" resource="charborder">
    <texturerect x="0" y="0" width="223" height="398" /> 
    <trans r="255" g="0" b="255" />
</image>
<image file="/paws/skin/backdrop/mainfemale.dds" resource="mainfemale">
    <texturerect x="0" y="0" width="109" height="45" /> 
</image>
<image file="/paws/skin/backdrop/menu17.dds" resource="Credits Background">
    <texturerect x="0" y="128" width="1024" height="768" /> 
</image>

<image file="/paws/skin/gui/darkblue_bg.dds" resource="Chat Background">  
</image>

<!-- The character selection screen -->
<image file="/paws/skin/backdrop/menu17.dds" resource="Charpick Background">
    <texturerect x="0" y="128" width="1024" height="768" /> 
</image>

<!-- The background image for the shortcut screen -->
<image file="/paws/skin/gui/invback.dds" resource="Short Cut">  
</image>

<image file="/paws/skin/gui/darkblue_bg.dds" resource="Short Button">  
</image>

<!-- Path symbols -->
<image file="/paws/skin/gui/paths/enchancer.dds" resource="PathSymbol_Enchanter">
</image>
<image file="/paws/skin/gui/paths/street_warrior.dds" resource="PathSymbol_Street Warrior">
</image>
<image file="/paws/skin/gui/paths/fighting_monk.dds" resource="PathSymbol_Fighting Monk">
</image>
<image file="/paws/skin/gui/paths/warlock.dds" resource="PathSymbol_Warlock">
</image>
<image file="/paws/skin/gui/paths/knight.dds" resource="PathSymbol_Knight">
</image>
<image file="/paws/skin/gui/paths/rogue.dds" resource="PathSymbol_Rogue">
</image>

<!-- birth screen -->
<image file="/paws/skin/backdrop/menu17.dds" resource="Charbirth Background">
    <texturerect x="0" y="128" width="1024" height="768" /> 
</image>

<!-- parents screen -->
<image file="/paws/skin/backdrop/menu17.dds" resource="Charparents Background">
    <texturerect x="0" y="128" width="1024" height="768" /> 
</image>

<!-- childhood screen -->
<image file="/paws/skin/backdrop/menu17.dds" resource="Childhood Background">
    <texturerect x="0" y="128" width="1024" height="768" /> 
</image>

<!-- Life Event screen -->
<image file="/paws/skin/backdrop/menu17.dds" resource="Lifeevent Background">
    <texturerect x="0" y="128" width="1024" height="768" /> 
</image>

<image file="/paws/skin/backdrop/menu17.dds" resource="Summary Background">
    <texturerect x="0" y="128" width="1024" height="768" /> 
</image>

<image file="/paws/skin/backdrop/menu17.dds" resource="Paths Background">
    <texturerect x="0" y="128" width="1024" height="768" /> 
</image>

<!-- The login window graphics -->
<image file="/paws/skin/backdrop/menu17.dds" resource="connect">
    <texturerect x="0" y="128" width="1024" height="768" /> 
</image>

<image file="/paws/skin/buttons/ired_u.dds" resource="red crystal button">
    <texturerect x="42" y="14" width="46" height="102" />     
</image>
<image file="/paws/skin/buttons/iyellow_u.dds" resource="yellow crystal button">
    <texturerect x="42" y="14" width="46" height="102" />     
</image>
<image file="/paws/skin/buttons/iblue_u.dds" resource="blue crystal button">
    <texturerect x="42" y="14" width="46" height="102" />     
</image>

<!-- The loading window -->
<image file="/paws/skin/backdrop/loading.dds" resource="Loading Background" >
    <texturerect x="112" y="212" width="800" height="600" />     
</image>



<image file="/paws/skin/gui/normal.dds" resource="Standard Mouse Pointer">
    <alpha level="0" />
    <trans r="255" g="255" b="255" />
</image>

<image file="/paws/skin/gui/crosshair.dds" resource="Crosshair Mouse Pointer">
    <alpha level="0" />
    <trans r="255" g="0" b="255" />
</image>

<image file="/paws/skin/gui/busy.dds" resource="Busy Mouse Pointer">
    <alpha level="0" />
    <trans r="255" g="0" b="255" />    
</image>

<image file="/paws/skin/gui/highlightbar.dds" resource="Hightlight">
    <alpha level="128" />    
</image>


<image file="/paws/skin/buttons/radio.dds" resource="radiooff">
    <alpha level="0" />
    <trans r="255" g="0" b="255" />    
</image>

<image file="/paws/skin/buttons/radioon.dds" resource="radioon">
    <alpha level="0" />
    <trans r="255" g="0" b="255" />    
</image>


<image file="/paws/skin/buttons/treeexpand.dds" resource="treeexpand">
    <alpha level="0" />
    <trans r="0" g="0" b="0" />    
</image>

<image file="/paws/skin/buttons/treecollapse.dds" resource="treecollapse">
    <alpha level="0" />
    <trans r="0" g="0" b="0" />    
</image>

<image file="/paws/skin/buttons/stickyon.dds" resource="stickyon">
    <alpha level="0" />
    <trans r="0" g="0" b="0" />    
</image>

<image file="/paws/skin/buttons/stickyoff.dds" resource="stickyoff">
    <alpha level="0" />
    <trans r="0" g="0" b="0" />    
</image>



<image file="/paws/skin/gui/invback.dds" resource="Standard Background">
<alpha level="200" />
</image>

<image file="/paws/skin/gui/darkblue_bg.dds" resource="Blue Background" tiled="true" >
<alpha level="0" />
</image>

<image file="/paws/skin/gui/grey_bg.dds" resource="Grey Background" tiled="true" >
<alpha level="0" />
</image>

<image file="/paws/skin/gui/modifydescription-bg.dds" resource="Modify Description BG" >
<alpha level="0" />
</image>

<image file="/paws/skin/gui/darkblue_title.dds" resource="Blue Title" >
<alpha level="0" />
</image>

<image file="/paws/skin/gui/darkblue_title.dds" resource="Standard Button" >
<alpha level="0" />
</image>

<image file="/paws/skin/gui/cancel_button.dds" resource="Modify Cancel" >
<alpha level="0" />
</image>

<image file="/paws/skin/gui/save_button.dds" resource="Modify Save" >
<alpha level="0" />
</image>

<image file="/paws/skin/gui/tab_up.dds" resource="Tab Button Up" >
<alpha level="0" />
</image>

<image file="/paws/skin/gui/tab_down.dds" resource="Tab Button Down" >
<alpha level="0" />
</image>

<image file="/paws/skin/gui/accepted_back.dds" resource="Accepted Background">
<alpha level="200" />
</image>

<image file="/paws/skin/buttons/down.dds" resource="Down Arrow">
<alpha level="0" />
</image>

<image file="/paws/skin/buttons/up.dds" resource="Up Arrow">
<alpha level="0" />
</image>

<image file="/paws/skin/buttons/left.dds" resource="Left Arrow">
<alpha level="0" />
</image>

<image file="/paws/skin/buttons/right.dds" resource="Right Arrow">
<alpha level="0" />
</image>


<image file="/paws/skin/gui/sayup.dds" resource="Say Up">
<alpha level="0" />
</image>

<image file="/paws/skin/gui/saydown.dds" resource="Say Down">
<alpha level="0" />
</image>

<image file="/paws/skin/gui/shoutup.dds" resource="Shout Up">
<alpha level="0" />
</image>

<image file="/paws/skin/gui/shoutdown.dds" resource="Shout Down">
<alpha level="0" />
</image>

<image file="/paws/skin/gui/guildup.dds" resource="Guild Up">
<alpha level="0" />
</image>

<image file="/paws/skin/gui/guilddown.dds" resource="Guild Down">
<alpha level="0" />
</image>

<image file="/paws/skin/gui/groupup.dds" resource="Group Up">
<alpha level="0" />
</image>

<image file="/paws/skin/gui/groupdown.dds" resource="Group Down">
<alpha level="0" />
</image>

<image file="/paws/skin/gui/viewpetition.dds" resource="View Petition">
<alpha level="0" />
</image>

<image file="/paws/skin/gui/cancelpetition.dds" resource="Cancel Petition">
<alpha level="0" />
</image>

<image file="/paws/skin/gui/assignpetition.dds" resource="Assign Petition">
<alpha level="0" />
</image>

<image file="/paws/skin/gui/escalatepetition.dds" resource="Escalate Petition">
<alpha level="0" />
</image>

<image file="/paws/skin/gui/closepetition.dds" resource="Close Petition">
<alpha level="0" />
</image>

<image file="/paws/skin/gui/slot.dds" resource="Bulk Item Slot">
    <texturerect x="0" y="0" width="48" height="48" /> 
    <alpha level="0" />
</image>

<image file="/paws/skin/buttons/thumb.dds" resource="ScrollBar Thumb">
    <alpha level="0" />
    <trans r="255" g="0" b="255" />    
</image>

<image file="/paws/skin/buttons/thumbmove.dds" resource="ScrollBar Thumb Moving">
    <alpha level="0" />
    <trans r="255" g="0" b="255" />    
</image>

<image file="/paws/skin/gui/diamondcr.dds"
       resource="/planeshift/weapons/jug01a_icon.dds">
</image>

<!-- Money Icons -->
<image file="/paws/skin/gui/diamondcr.dds"
       resource="/planeshift/items/hexa01a_icon.dds">
</image>
<image file="/paws/skin/gui/diamondcr.dds"
       resource="MoneyHexas">
</image>
<image file="/paws/skin/gui/emeraldcr.dds"
       resource="/planeshift/items/tria01a_icon.dds">
</image>
<image file="/paws/skin/gui/emeraldcr.dds"
       resource="MoneyTrias">
</image>

<image file="/paws/skin/gui/rubycr.dds"
       resource="/planeshift/items/octa01a_icon.dds">
</image>
<image file="/paws/skin/gui/rubycr.dds"
       resource="MoneyOctas">
</image>


<image file="/paws/skin/gui/diamondcr.dds"
       resource="/planeshift/items/circle01a_icon.dds">
</image>

<image file="/paws/skin/gui/diamondcr.dds"
       resource="MoneyCircles">
</image>

<!-- Images for Spell book window -->

<image file="/paws/skin/gui/stats.dds"
       resource="CombineGlyphs">
</image>
<image file="/paws/skin/gui/bulk.dds"
       resource="CastSpell">
</image>


<!-- Glyph Icons -->

<!-- Crystal way -->
<image file="/paws/skin/gui/diamondcr.dds"
       resource="glyph_arrow_icon.dds">
</image>
<image file="/paws/skin/gui/crystal.dds"
       resource="glyph_door_icon.dds">
</image>
<image file="/paws/skin/gui/crystal.dds"
       resource="glyph_energy_icon.dds">
</image>
<image file="/paws/skin/gui/crystal.dds"
       resource="glyph_faith_icon.dds">
</image>
<image file="/paws/skin/gui/crystal.dds"
       resource="glyph_light_icon.dds">
</image>
<image file="/paws/skin/gui/crystal.dds"
       resource="glyph_sight_icon.dds">
</image>

<!-- Azure way -->
<image file="/planeshift/azure_way/glyph_air_icon.dds"
       resource="glyph_air_icon.dds">
</image>
<image file="/planeshift/azure_way/glyph_bond_icon.dds"
       resource="glyph_bond_icon.dds">
</image>
<image file="/planeshift/azure_way/glyph_dome_icon.dds"
       resource="glyph_dome_icon.dds">
</image>
<image file="/planeshift/azure_way/glyph_fly_icon.dds"
       resource="glyph_fly_icon.dds">
</image>
<image file="/planeshift/azure_way/glyph_gas_icon.dds"
       resource="glyph_gas_icon.dds">
</image>
<image file="/planeshift/azure_way/glyph_humanoid_icon.dds"
       resource="glyph_humanoid_icon.dds">
</image>
<image file="/planeshift/azure_way/glyph_mind_icon.dds"
       resource="glyph_mind_icon.dds">
</image>
<image file="/planeshift/azure_way/glyph_sleep_icon.dds"
       resource="glyph_sleep_icon.dds">
</image>
<image file="/planeshift/azure_way/glyph_sound_icon.dds"
       resource="glyph_sound_icon.dds">
</image>
<!-- Red way -->
<image file="/planeshift/red_way/glyph_chaos_icon.dds"
       resource="glyph_chaos_icon.dds">
</image>
<image file="/planeshift/red_way/glyph_fire_icon.dds"
       resource="glyph_fire_icon.dds">
</image>
<image file="/planeshift/red_way/glyph_metoer_icon.dds"
       resource="glyph_meteor_icon.dds">
</image>
<image file="/planeshift/red_way/glyph_might_icon.dds"
       resource="glyph_might_icon.dds">
</image>
<image file="/planeshift/red_way/glyph_vortex_icon.dds"
       resource="glyph_vortex_icon.dds">
</image>
<image file="/planeshift/red_way/glyph_weapon_icon.dds"
       resource="glyph_weapon_icon.dds">
</image>

<!-- Dark way -->
<image file="/planeshift/dark_way/glyph_blindness_icon.dds"
       resource="glyph_blindness_icon.dds">
</image>
<image file="/planeshift/dark_way/glyph_deamon_icon.dds"
       resource="glyph_deamon_icon.dds">
</image>
<image file="/planeshift/dark_way/glyph_darkness_icon.dds"
       resource="glyph_darknes_icon.dds">
</image>
<image file="/planeshift/dark_way/glyph_death_icon.dds"
       resource="glyph_death_icon.dds">
</image>
<image file="/planeshift/dark_way/glyph_entropy_icon.dds"
       resource="glyph_entroyp_icon.dds">
</image>
<image file="/planeshift/dark_way/glyph_illness_icon.dds"
       resource="glyph_illness_icon.dds">
</image>
<image file="/planeshift/dark_way/glyph_negative_icon.dds"
       resource="glyph_negative_icon.dds">
</image>
<image file="/planeshift/dark_way/glyph_weakness_icon.dds"
       resource="glyph_weakness_icon.dds">
</image>

<!-- Brown way -->
<image file="/planeshift/brown_way/glyph_animal_icon.dds"
       resource="glyph_animal_icon.dds">
</image>
<image file="/planeshift/brown_way/glyph_armor_icon.dds"
       resource="glyph_armor_icon.dds">
</image>
<image file="/planeshift/brown_way/glyph_creature_icon.dds"
       resource="glyph_creature_icon.dds">
</image>
<image file="/planeshift/brown_way/glyph_earth_icon.dds"
       resource="glyph_earth_icon.dds">
</image>
<image file="/planeshift/brown_way/glyph_rock_icon.dds"
       resource="glyph_rock_icon.dds">
</image>
<image file="/planeshift/brown_way/glyph_summon_icon.dds"
       resource="glyph_summon_icon.dds">
</image>
<image file="/planeshift/brown_way/glyph_tree_icon.dds"
       resource="glyph_tree_icon.dds">
</image>
<image file="/planeshift/brown_way/glyph_wall_icon.dds"
       resource="glyph_wall_icon.dds">
</image>
<image file="/planeshift/brown_way/glyph_weight_icon.dds"
       resource="glyph_weight_icon.dds">
</image>

<!-- Blue way -->
<image file="/planeshift/blue_way/glyph_cold_icon.dds"
       resource="glyph_cold_icon.dds">
</image>
<image file="/planeshift/blue_way/glyph_divination_icon.dds"
       resource="glyph_divination_icon.dds">
</image>
<image file="/planeshift/blue_way/glyph_key_icon.dds"
       resource="glyph_key_icon.dds">
</image>
<image file="/planeshift/blue_way/glyph_object_icon.dds"
       resource="glyph_object_icon.dds">
</image>
<image file="/planeshift/blue_way/glyph_poison_icon.dds"
       resource="glyph_poision_icon.dds">
</image>
<image file="/planeshift/blue_way/glyph_purify_icon.dds"
       resource="glyph_purify_icon.dds">
</image>
<image file="/planeshift/blue_way/glyph_sphere_icon.dds"
       resource="glyph_sphere_icon.dds">
</image>
<image file="/planeshift/blue_way/glyph_water_icon.dds"
       resource="glyph_water_icon.dds">
</image>


<!-- Glyph Slot Icons -->
<image file="/paws/skin/gui/glyph_slot_purified.dds"
       resource="GlyphSlotPurified">
    <texturerect x="0" y="0" width="48" height="48" /> 
</image>
<image file="/paws/skin/gui/glyph_slot_purifying.dds"
       resource="GlyphSlotPurifying">
    <texturerect x="0" y="0" width="48" height="48" /> 
</image>
<image file="/paws/skin/gui/glyph_slot_to-be-purified.dds"
       resource="GlyphSlotToBePurified">
    <texturerect x="0" y="0" width="48" height="48" /> 
</image>

<!-- Glyph Window Icons -->
<image file="/paws/skin/backdrop/chatbg.dds"
       resource="GlyphWindow" >
</image>

<image file="/paws/skin/gui/view.dds"
       resource="view">
</image>

<image file="/paws/skin/gui/view.dds"
       resource="PurifyGlyphButton">
</image>

<image file="/paws/skin/gui/stats.dds"
       resource="SaveSpellButton">
</image>

<image file="/paws/skin/gui/bulk.dds"
       resource="CastSpellButton">
</image>

<image file="/paws/skin/gui/quit.dds"
       resource="quit">
</image>

<!-- Crystal Icons -->
<image file="/paws/skin/gui/emeraldcr.dds"
       resource="/paws/skin/gui/emeraldcr.dds">
</image>

<image file="/paws/skin/gui/diamondcr.dds"
       resource="/paws/skin/gui/diamondcr.dds">
</image>

<image file="/paws/skin/gui/rubycr.dds"
       resource="/paws/skin/gui/rubycr.dds">
</image>

<image file="/paws/skin/gui/emeraldcr.dds"
	resource="/planeshift/potions/potion01a_icon.dds">
</image>

<image file="/paws/skin/gui/emeraldcr.dds"
	resource="/planeshift/potions/potion01b_icon.dds">
</image>



<!-- Weapon Icons -->
<image file="/paws/skin/gui/cleaver.dds"
        resource="/planeshift/weapons/doubleaxe01a_icon.dds">
</image>

<image file="/planeshift/weapons/doubleaxe02a_icon.dds"
        resource="/planeshift/weapons/doubleaxe02a_icon.dds">
</image>

<image file="/planeshift/weapons/broadsword01a_icon.dds"
        resource="/planeshift/weapons/broadsword01a_icon.dds">
</image>

<image file="/planeshift/weapons/claymore01a_icon.dds"
        resource="/planeshift/weapons/claymore01a_icon.dds">
</image>

<image file="/planeshift/weapons/falchion01a_icon.dds"
       resource="/planeshift/weapons/falchion01a_icon.dds">
</image>

<image file="/planeshift/weapons/falchion01b_icon.dds"
       resource="/planeshift/weapons/falchion01b_icon.dds">
</image>

<image file="/planeshift/weapons/falchion01c_icon.dds"
       resource="/planeshift/weapons/falchion01c_icon.dds">
</image>

<image file="/planeshift/weapons/galkard01a_icon.dds"
        resource="/planeshift/weapons/galkard01a_icon.dds">
</image>

<image file="/planeshift/weapons/longsword01a_icon.dds"
        resource="/planeshift/weapons/longsword01a_icon.dds">
</image>

<image file="/paws/skin/gui/cleaver.dds"
        resource="/planeshift/weapons/normalaxe01a_icon.dds">
</image>

<image file="/planeshift/weapons/sabre01a_icon.dds"
        resource="/planeshift/weapons/sabre01a_icon.dds">
</image>
<!-- End of weapon icons -->

<image file="/paws/skin/gui/cleaver.dds"
        resource="/paws/skin/gui/cleaver.dds">
    <trans r="255" g="0" b="255" />    
</image>

<image file="/paws/skin/gui/longsd.dds"
        resource="/paws/skin/gui/longsd.dds">
    <trans r="255" g="0" b="255" />    
</image>

<image file="/paws/skin/gui/chest.dds"
        resource="/paws/skin/gui/chest.dds">
    <trans r="255" g="0" b="255" />    
</image>

<image file="/paws/skin/gui/slottaken_icon.dds"
        resource="/paws/skin/gui/slottaken_icon.dds">
    <trans r="255" g="0" b="255" />    
</image>

<!-- Inventory Window character slot icons -->
<image file="/paws/skin/gui/inventory_legs.dds"
       resource="InventoryLegs">
</image>
<image file="/paws/skin/gui/inventory_belt.dds"
       resource="InventoryBelt">
</image>
<image file="/paws/skin/gui/inventory_boots.dds"
       resource="InventoryBoots">
</image>
<image file="/paws/skin/gui/inventory_gloves.dds"
       resource="InventoryGloves">
</image>
<image file="/paws/skin/gui/inventory_arms.dds"
       resource="InventoryArms">
</image>
<image file="/paws/skin/gui/inventory_neck.dds"
       resource="InventoryNeck">
</image>
<image file="/paws/skin/gui/inventory_head.dds"
       resource="InventoryHead">
</image>
<image file="/paws/skin/gui/inventory_torso.dds"
       resource="InventoryTorso">
</image>
<image file="/paws/skin/gui/inventory_back.dds"
       resource="InventoryBack">
</image>
<image file="/paws/skin/gui/inventory_bracers.dds"
       resource="InventoryBracers">
</image>
<image file="/paws/skin/gui/inventory_right.dds"
       resource="InventoryRight">
</image>
<image file="/paws/skin/gui/inventory_left.dds"
       resource="InventoryLeft">
</image>
<!-- End of Inventory slot icons -->

<!-- Interact Window Buttons -->
<image file="/paws/skin/buttons/look.dds"
       resource="ButtonLook">
</image>
<image file="/paws/skin/buttons/open.dds"
       resource="ButtonOpen">
</image>
<image file="/paws/skin/buttons/push.dds"
       resource="ButtonPush">
</image>
<image file="/paws/skin/buttons/take.dds"
       resource="ButtonPickup">
</image>
<image file="/paws/skin/buttons/drop.dds"
       resource="ButtonDrop">
</image>
<image file="/paws/skin/buttons/close.dds"
       resource="ButtonClose">
</image>
<image file="/paws/skin/buttons/radial_TEMP_loot.dds"
       resource="ButtonLoot">
</image>
<image file="/paws/skin/buttons/radial_TEMP_buy.dds"
       resource="ButtonBuy">
</image>
<image file="/paws/skin/buttons/radial_TEMP_sell.dds"
       resource="ButtonSell">
</image>
<image file="/paws/skin/buttons/push.dds"
       resource="ButtonAttack">
</image>
<image file="/paws/skin/buttons/train.dds"
       resource="ButtonTrain">
</image>       
<image file="/paws/skin/buttons/talk.dds"
       resource="ButtonNPCTalk">
</image>
<image file="/paws/skin/buttons/talk.dds"
       resource="ButtonDivorce">
</image>

<image file="/paws/skin/buttons/talk.dds"
       resource="ButtonMarriage">
</image>


<!-- Images for the main controller window -->
<image file="/paws/skin/gui/toolbar/options.dds" 
       resource="OptionsButton">
</image>

<image file="/paws/skin/gui/toolbar/inventory.dds" 
       resource="InventoryButton">
</image>

<image file="/paws/skin/gui/toolbar/info.dds" 
       resource="InfoButton">
</image>

<image file="/paws/skin/gui/toolbar/info_active.dds" 
       resource="InfoButton">
</image>

<image file="/paws/skin/gui/toolbar/spellbook.dds" 
       resource="MagicButton">
</image>

<image file="/paws/skin/gui/toolbar/exit.dds" 
       resource="QuitButton">
</image>

<image file="/paws/skin/gui/toolbar/buddylist.dds" 
       resource="BuddyButton">
</image>

<image file="/paws/skin/gui/toolbar/chat.dds" 
       resource="ChatButton">
</image>

<image file="/paws/skin/gui/toolbar/group.dds" 
       resource="GroupButton">
</image>

<image file="/paws/skin/gui/toolbar/guild.dds" 
       resource="GuildButton">
</image>

<image file="/paws/skin/gui/toolbar/help.dds" 
       resource="HelpButton">
</image>

<image file="/paws/skin/gui/toolbar/petition.dds" 
       resource="PetitionButton">
</image>

<image file="/paws/skin/gui/toolbar/questbook.dds" 
       resource="QuestButton">
</image>

<image file="/paws/skin/gui/toolbar/shortcuts.dds" 
       resource="ShortcutButton">
</image>

<image file="/paws/skin/gui/toolbar/skill.dds" 
       resource="SkillsButton">
</image>

<image file="/paws/skin/gui/toolbar/options_over.dds" 
       resource="OptionsButton_over">
</image>

<image file="/paws/skin/gui/toolbar/inventory_over.dds" 
       resource="InventoryButton_over">
</image>

<image file="/paws/skin/gui/toolbar/info_over.dds" 
       resource="InfoButton_over">
</image>

<image file="/paws/skin/gui/toolbar/info_over_over.dds" 
       resource="InfoButton_over">
</image>

<image file="/paws/skin/gui/toolbar/spellbook_over.dds" 
       resource="MagicButton_over">
</image>

<image file="/paws/skin/gui/toolbar/exit_over.dds" 
       resource="QuitButton_over">
</image>

<image file="/paws/skin/gui/toolbar/buddylist_over.dds" 
       resource="BuddyButton_over">
</image>

<image file="/paws/skin/gui/toolbar/chat_over.dds" 
       resource="ChatButton_over">
</image>

<image file="/paws/skin/gui/toolbar/group_over.dds" 
       resource="GroupButton_over">
</image>

<image file="/paws/skin/gui/toolbar/guild_over.dds" 
       resource="GuildButton_over">
</image>

<image file="/paws/skin/gui/toolbar/help_over.dds" 
       resource="HelpButton_over">
</image>

<image file="/paws/skin/gui/toolbar/petition_over.dds" 
       resource="PetitionButton_over">
</image>

<image file="/paws/skin/gui/toolbar/questbook_over.dds" 
       resource="QuestButton_over">
</image>

<image file="/paws/skin/gui/toolbar/shortcuts_over.dds" 
       resource="ShortcutButton_over">
</image>

<image file="/paws/skin/gui/toolbar/skill_over.dds" 
       resource="SkillsButton_over">
</image>

<image file="/paws/skin/gui/toolbar/options_active.dds" 
       resource="OptionsButton_active">
</image>

<image file="/paws/skin/gui/toolbar/inventory_active.dds" 
       resource="InventoryButton_active">
</image>

<image file="/paws/skin/gui/toolbar/info_active.dds" 
       resource="InfoButton_active">
</image>

<image file="/paws/skin/gui/toolbar/info_active_active.dds" 
       resource="InfoButton_active">
</image>

<image file="/paws/skin/gui/toolbar/spellbook_active.dds" 
       resource="MagicButton_active">
</image>

<image file="/paws/skin/gui/toolbar/exit_active.dds" 
       resource="QuitButton_active">
</image>

<image file="/paws/skin/gui/toolbar/buddylist_active.dds" 
       resource="BuddyButton_active">
</image>

<image file="/paws/skin/gui/toolbar/chat_active.dds" 
       resource="ChatButton_active">
</image>

<image file="/paws/skin/gui/toolbar/group_active.dds" 
       resource="GroupButton_active">
</image>

<image file="/paws/skin/gui/toolbar/guild_active.dds" 
       resource="GuildButton_active">
</image>

<image file="/paws/skin/gui/toolbar/help_active.dds" 
       resource="HelpButton_active">
</image>

<image file="/paws/skin/gui/toolbar/petition_active.dds" 
       resource="PetitionButton_active">
</image>

<image file="/paws/skin/gui/toolbar/questbook_active.dds" 
       resource="QuestButton_active">
</image>

<image file="/paws/skin/gui/toolbar/shortcuts_active.dds" 
       resource="ShortcutButton_active">
</image>

<image file="/paws/skin/gui/toolbar/skill_active.dds" 
       resource="SkillsButton_active">
</image>

<image file="/paws/skin/gui/toolbar/minimize_up.dds"
       resource="MiniUp" >
</image>

<image file="/paws/skin/gui/toolbar/minimize_down.dds"
       resource="MiniDown" >
</image>
<!-- End control images -->

<image file="/paws/skin/gui/bulk.dds"
       resource="MerchantTrade">
</image>

<image file="/paws/skin/gui/bulk.dds"
       resource="ExchangeAccept">
</image>

<!-- Skill Window Buttons -->
<image file="/paws/skin/gui/bulk.dds"
       resource="BuySkill">
</image>
<image file="/paws/skin/gui/stats.dds"
       resource="FilterSkill">
</image>
<image file="/paws/skin/gui/scribe.dds"
       resource="Scribe">
</image>

<!-- Background for the pop up yes/no window -->
<image file="/paws/skin/backdrop/popyesno17.dds"
       resource="YesNo">
</image>

<!-- Background for the pop ok window -->
<image file="/paws/skin/backdrop/popup17.dds"
       resource="OkBackground">
</image>

<!-- Background and stuff for the updater window -->
<image file="/paws/skin/backdrop/updater_bg.dds"
       resource="UpdaterBackground">
</image>
<image file="/paws/skin/gui/updater_total.dds"
       resource="totalborder">
</image>
<image file="/paws/skin/gui/updater_current.dds"
       resource="currentborder">
</image>

<!-- Container desc -->
<image file="/paws/skin/gui/bulk.dds"
       resource="InventoryBulk">
</image>
       
<image file="/paws/skin/backdrop/menu17.dds" resource="Examine Background">
    <texturerect x="0" y="128" width="1024" height="768" /> 
</image>

<!-- Minigame tiles and pieces -->

<image file="/planeshift/items/tile1.dds" resource="Minigame Tile Black" />
<image file="/planeshift/items/tile2.dds" resource="Minigame Tile White" />
<image file="/planeshift/items/regularpiece1.dds" resource="Minigame Piece Regular Black" />
<image file="/planeshift/items/regularpiece2.dds" resource="Minigame Piece Regular White" />
<image file="/planeshift/items/kingpiece1.dds" resource="Minigame Piece King Black" />
<image file="/planeshift/items/kingpiece2.dds" resource="Minigame Piece King White" />


</image_list>

                                                                                                             