<image_list>

	<image file="/paws/pawseditor/normal.dds" resource="peStandardMousePointer">
		<alpha level="0" />
		<trans r="255" g="255" b="255" />
	</image>

	<image file="/paws/pawseditor/busy.dds" resource="peBusyMousePointer">
		<alpha level="0" />
		<trans r="255" g="0" b="255" />    
	</image>

	<image file="/paws/pawseditor/titlebar.dds" resource="peTitleBar">
		<alpha level="0" />
		<trans r="255" g="0" b="255" />    
	</image>
	
	<image file="/paws/pawseditor/titlebar.dds" resource="peTitleBarShort">
		<texturerect x="0" y="0" width="256" height="24" />
		<alpha level="0" />
		<trans r="255" g="0" b="255" />    
	</image>
	
	<image file="/paws/pawseditor/backtall.dds" resource="peBackTall">
		<alpha level="0" />
		<trans r="255" g="0" b="255" />    
	</image>
	
	<image file="/paws/pawseditor/back.dds" resource="peBack">
		<alpha level="0" />
		<trans r="255" g="0" b="255" />    
	</image>
	
	<image file="/paws/pawseditor/backmedium.dds" resource="peBackMedium">
		<!--<texturerect x="0" y="128" width="256" height="128" />-->
		<alpha level="0" />
		<trans r="255" g="0" b="255" />
	</image>
	
	<image file="/paws/pawseditor/backshort.dds" resource="peBackShort">
		<!--<texturerect x="0" y="192" width="256" height="64" />-->
		<alpha level="0" />
		<trans r="255" g="0" b="255" />
	</image>
	
	<image file="/paws/pawseditor/shaded.dds" resource="peShaded">
		<alpha level="0" />
		<trans r="255" g="0" b="255" />    
	</image>
	
	<image file="/paws/pawseditor/shaded.dds" resource="peStandardBackground">
		<alpha level="0" />
		<trans r="255" g="0" b="255" />    
	</image>

	<image file="/paws/pawseditor/radiooff.dds" resource="peRadioOff">
		<alpha level="0" />
		<trans r="255" g="0" b="255" />    
	</image>
	
	<image file="/paws/pawseditor/radioon.dds" resource="peRadioOn">
		<alpha level="0" />
		<trans r="255" g="0" b="255" />    
	</image>

	<image file="/paws/pawseditor/buttondown.dds" resource="peButtonDown">
		<alpha level="0" />
	</image>
	
	<image file="/paws/pawseditor/buttonup.dds" resource="peButtonUp">
		<alpha level="0" />
	</image>


	<image file="/paws/pawseditor/listselect.dds" resource="peListSelect">
		<alpha level="0" />
	</image>

	<image file="/paws/pawseditor/treeexpand.dds" resource="peTreeExpand">
		<alpha level="0" />
	</image>

	<image file="/paws/pawseditor/treecollapse.dds" resource="peTreeCollapse">
		<alpha level="0" />
	</image>

	<image file="/paws/pawseditor/scrollthumb.dds" resource="peScrollBarThumb">
		<alpha level="0" />
	</image>

	<image file="/paws/pawseditor/scrollthumbmove.dds" resource="peScrollBarThumbMoving">
		<alpha level="0" />
	</image>

	<image file="/paws/pawseditor/spindown.dds" resource="peSpinDown">
		<alpha level="0" />
	</image>
	
	<image file="/paws/pawseditor/spinup.dds" resource="peSpinUp">
		<alpha level="0" />
	</image>

	<image file="/paws/pawseditor/down.dds" resource="peDownArrow">
		<alpha level="0" />
	</image>
	
	<image file="/paws/pawseditor/up.dds" resource="peUpArrow">
		<alpha level="0" />
	</image>
	
	<image file="/paws/pawseditor/left.dds" resource="peLeftArrow">
		<alpha level="0" />
	</image>
	
	<image file="/paws/pawseditor/right.dds" resource="peRightArrow">
		<alpha level="0" />
	</image>

</image_list>