<image_list>


<image file="/paws/app/normal.dds" resource="Standard Mouse Pointer">
    <alpha level="0" />
    <trans r="255" g="255" b="255" />
</image>

<image file="/paws/app/radio.dds" resource="radiooff">
    <alpha level="0" />
    <trans r="255" g="0" b="255" />    
</image>

<image file="/paws/app/radioon.dds" resource="radioon">
    <alpha level="0" />
    <trans r="255" g="0" b="255" />    
</image>


<image file="/paws/app/darkblue_bg.dds" resource="Blue Background" tiled="true" >
<alpha level="0" />
</image>

<image file="/paws/app/back.dds" resource="Standard Background" tiled="true" >
<alpha level="0" />
</image>


<image file="/paws/app/down.dds" resource="Down Arrow">
<alpha level="0" />
</image>

<image file="/paws/app/up.dds" resource="Up Arrow">
<alpha level="0" />
</image>

<image file="/paws/app/left.dds" resource="Left Arrow">
<alpha level="0" />
</image>

<image file="/paws/app/right.dds" resource="Right Arrow">
<alpha level="0" />
</image>


<image file="/paws/app/darkblue_title.dds" resource="Blue Title">
<alpha level="0" />
</image>



<!-- Background for the pop up yes/no window -->
<image file="/paws/app/popup17.dds"
       resource="YesNo">
</image>

<image file="/paws/app/thumb.dds" resource="ScrollBar Thumb">
    <alpha level="0" />
    <trans r="255" g="0" b="255" />    
</image>

<image file="/paws/app/thumbmove.dds" resource="ScrollBar Thumb Moving">
    <alpha level="0" />
    <trans r="255" g="0" b="255" />    
</image>

<!-- Background for the pop ok window -->
<image file="/paws/app/popup17.dds"
       resource="YesNo">
</image>

<!-- Background and stuff for the updater window -->
<image file="/paws/app/updater_bg.dds"
       resource="UpdaterBackground">
</image>
<image file="/paws/app/updater_total.dds"
       resource="totalborder">
</image>
<image file="/paws/app/updater_current.dds"
       resource="currentborder">
</image>

<!-- Background for the pssetup window -->
<image file="/paws/app/setup_bg.dds" resource="SetupBackground" />

</image_list>

                                                                                                             