<MAP_SOUNDS>
<SECTOR NAME="NPCroom1" >
    <BACKGROUND RESOURCE="zzz"
        MINVOL="0.0"
        MAXVOL="0.4"
        WEATHER="0"
        FADEDELAY="3000"
        TIME="0"/>

    <AMBIENT RESOURCE="amb.day2"
        MINVOL="0.0"
        MAXVOL="0.8"
        WEATHER="0"
        FADEDELAY="3000"
        TIME="0"/>

    <AMBIENT RESOURCE="amb.weather.rain.light"
        MINVOL="0.0"
        MAXVOL="0.9"
        WEATHER="2"
        TRIGGER="WEATHER"
        FADEDELAY="3000"
        TIME="0"/>

    <AMBIENT RESOURCE="amb.weather.rain.heavy"
        MINVOL="0.0"
        MAXVOL="0.9"
        WEATHER="3"
        TRIGGER="WEATHER"
        FADEDELAY="3000"
        TIME="0"/>

</SECTOR>

<SECTOR NAME="NPCroom2" >
    <BACKGROUND RESOURCE="zzz"
        MINVOL="0.0"
        MAXVOL="0.4"
        WEATHER="0"
        FADEDELAY="3000"
        TIME="0"/>

    <AMBIENT RESOURCE="amb.day2"
        MINVOL="0.0"
        MAXVOL="0.8"
        WEATHER="0"
        FADEDELAY="3000"
        TIME="0"/>

    <AMBIENT RESOURCE="amb.weather.rain.light"
        MINVOL="0.0"
        MAXVOL="0.9"
        WEATHER="2"
        TRIGGER="WEATHER"
        FADEDELAY="3000"
        TIME="0"/>

    <AMBIENT RESOURCE="amb.weather.rain.heavy"
        MINVOL="0.0"
        MAXVOL="0.9"
        WEATHER="3"
        TRIGGER="WEATHER"
        FADEDELAY="3000"
        TIME="0"/>

</SECTOR>

</MAP_SOUNDS>

