<image_list>

<!-- mouse cursors -->
<image file="/paws/real_skin/pointer_normal.png" resource="Skins Normal Mouse Pointer">
    <texturerect x="0" y="0" width="32" height="32" /> 
</image>

<!-- ornaments and decorations -->
<image file="/paws/real_skin/components01.png" resource="Decoration Vertical">
    <texturerect x="448" y="0" width="64" height="192" />
</image>
<image file="/paws/real_skin/components01.png" resource="Decoration Horizontal">
    <texturerect x="352" y="192" width="160" height="64" />
</image>


<!-- unique background for books -->
<image file="/paws/real_skin/readbook.png" resource="Book Background">
    <texturerect x="0" y="0" width="447" height="500" />
</image>


<!-- Merchant window -->
<image file="/paws/real_skin/gui/slotborder.png" resource="Bulk Item Slot">
    <texturerect x="0" y="0" width="48" height="48" />
    <alpha level="0" />
</image>

<!-- Exchange window -->
<image file="/paws/real_skin/gui/accepted_back.png" resource="Accepted Background">
    <alpha level="200" />
</image>

<image file="/paws/real_skin/gui/bulk.png"
       resource="MerchantTrade">
</image>

<image file="/paws/real_skin/gui/bulk.png"
       resource="ExchangeAccept">
</image>


<!-- Skill Window Buttons -->
<image file="/paws/real_skin/gui/bulk.png"
       resource="BuySkill">
</image>
<image file="/paws/real_skin/gui/view.png"
       resource="FilterSkill">
</image>
<image file="/paws/real_skin/gui/scribe.png"
       resource="Scribe">
</image>


<!-- Modify character description window -->
<image file="/paws/real_skin/gui/button.png"
       resource="Modify Save">
</image>
<image file="/paws/real_skin/gui/button.png"
       resource="Modify Cancel">
</image>


<!-- Container description window -->
<image file="/paws/real_skin/gui/bulk.png"
       resource="InventoryBulk">
</image>
<image file="/paws/real_skin/gui/container_slot.png"
       resource="ContainerBulk">
</image>

<!-- chat window -->
<image file="/paws/real_skin/gui/chat_button_top_flash.png" resource="Chat Tab Button Down">
  <alpha level="0" /> 
</image>
<image file="/paws/real_skin/gui/chat_button_top.png" resource="Chat Tab Button Up">
  <alpha level="0" /> 
</image>
<image file="/paws/real_skin/gui/chat_button_top.png" resource="Banking Tab Button Up">
	<alpha level="0" /> 
</image>
<image file="/paws/real_skin/gui/chat_button_top_flash.png" resource="Banking Tab Button Down">
	<alpha level="0" /> 
</image>
<image file="/paws/real_skin/gui/title_bar.png" resource="Nanaki Title Bar" >
  <alpha level="0" />
</image>

<!-- Inventory Window character slot icons -->
<image file="/paws/real_skin/gui/inventory/inventory_legs.png"
       resource="InventoryLegs">
</image>
<image file="/paws/real_skin/gui/inventory/inventory_belt.png"
       resource="InventoryBelt">
</image>
<image file="/paws/real_skin/gui/inventory/inventory_boots.png"
       resource="InventoryBoots">
</image>
<image file="/paws/real_skin/gui/inventory/inventory_gloves.png"
       resource="InventoryGloves">
</image>
<image file="/paws/real_skin/gui/inventory/inventory_arms.png"
       resource="InventoryArms">
</image>
<image file="/paws/real_skin/gui/inventory/inventory_neck.png"
       resource="InventoryNeck">
</image>
<image file="/paws/real_skin/gui/inventory/inventory_head.png"
       resource="InventoryHead">
</image>
<image file="/paws/real_skin/gui/inventory/inventory_torso.png"
       resource="InventoryTorso">
</image>
<image file="/paws/real_skin/gui/inventory/inventory_back.png"
       resource="InventoryBack">
</image>
<image file="/paws/real_skin/gui/inventory/inventory_bracers.png"
       resource="InventoryBracers">
</image>
<image file="/paws/real_skin/gui/inventory/inventory_right.png"
       resource="InventoryRight">
</image>
<image file="/paws/real_skin/gui/inventory/inventory_left.png"
       resource="InventoryLeft">
</image>


<!-- Interact Window Buttons -->
<image file="/paws/real_skin/buttons/popup/popup_look.png"
       resource="ButtonLook">
</image>
<image file="/paws/real_skin/buttons/popup/popup_open.png"
       resource="ButtonOpen">
</image>
<image file="/paws/real_skin/buttons/popup/popup_use.png"
       resource="ButtonPush">
</image>
<image file="/paws/real_skin/buttons/popup/popup_combine.png"
       resource="ButtonCombine">
</image>
<image file="/paws/real_skin/buttons/popup/popup_pickup.png"
       resource="ButtonPickup">
</image>
<image file="/paws/real_skin/buttons/popup/drop.png"
       resource="ButtonDrop">
</image>
<image file="/paws/real_skin/buttons/popup/popup_exit.png"
       resource="ButtonClose">
</image>
<image file="/paws/real_skin/buttons/popup/popup_loot.png"
       resource="ButtonLoot">
</image>
<image file="/paws/real_skin/buttons/popup/popup_buy.png"
       resource="ButtonBuy">
</image>
<image file="/paws/real_skin/buttons/popup/popup_sell.png"
       resource="ButtonSell">
</image>
<image file="/paws/real_skin/buttons/popup/popup_attack.png"
       resource="ButtonAttack">
</image>

<image file="/paws/real_skin/buttons/popup/popup_give.png"
       resource="ButtonGive">
</image>

<image file="/paws/real_skin/buttons/popup/popup_train.png"
       resource="ButtonTrain">
</image>
<image file="/paws/real_skin/buttons/popup/popup_speak.png"
       resource="ButtonSpeak">
</image>
<image file="/paws/real_skin/buttons/popup/popup_pet_dismiss.png"
       resource="ButtonPetDismiss">
</image>
<image file="/paws/real_skin/buttons/popup/popup_marry.png"
       resource="ButtonMarriage">
</image>
<image file="/paws/real_skin/buttons/popup/popup_divorce.png"
       resource="ButtonDivorce">
</image>
<image file="/paws/real_skin/buttons/popup/popup_introduce.png"
       resource="ButtonIntroduce">
</image>
<image file="/paws/real_skin/buttons/popup/popup_banking.png"
       resource="ButtonBanking">
</image>


<image file="/paws/real_skin/backdrop/invborder.png" resource="invborder">
</image>

<image file="/paws/real_skin/gui/quit.png"
       resource="quit">
</image>


<!-- standard buttons and backgrounds -->
<image file="/paws/real_skin/gui/resize.png" resource="ResizeBox" />

<image file="/paws/real_skin/gui/button.png" resource="Standard Button">
</image>

<image file="/paws/real_skin/gui/title_bar.png" resource="Blue Title" >
<alpha level="0" />
</image>

<image file="/paws/real_skin/gui/highlightbar.png" resource="Hightlight" tiled="true">
    <alpha level="128" />    
</image>

<image file="/paws/real_skin/gui/view.png"
       resource="view">
</image>


<!-- pawsTree stuff -->

<image file="/paws/real_skin/buttons/treeexpand.png" resource="treeexpand">
    <alpha level="0" />
    <trans r="0" g="0" b="0" />    
</image>

<image file="/paws/real_skin/buttons/treecollapse.png" resource="treecollapse">
    <alpha level="0" />
    <trans r="0" g="0" b="0" />    
</image>

<!-- pawsMenu stuff -->

<image file="/paws/real_skin/buttons/stickyon.png" resource="stickyon">
    <alpha level="0" />
    <trans r="0" g="0" b="0" />    
</image>

<image file="/paws/real_skin/buttons/stickyoff.png" resource="stickyoff">
    <alpha level="0" />
    <trans r="0" g="0" b="0" />    
</image>


<!-- Money Icons -->
<image file="/paws/real_skin/gui/money_hexa01a_icon.png"
       resource="MoneyHexas">
</image>
<image file="/paws/real_skin/gui/money_tria01a_icon.png"
       resource="MoneyTrias">
</image>

<image file="/paws/real_skin/gui/money_octa01a_icon.png"
       resource="MoneyOctas">
</image>

<image file="/paws/real_skin/gui/money_circle01a_icon.png"
       resource="MoneyCircles">
</image>


<!-- Magic Icons -->

<image file="/paws/real_skin/gui/purify_icon.png"
       resource="PurifyGlyphButton">
</image>

<image file="/paws/real_skin/gui/learn_icon.png"
       resource="SaveSpellButton">
</image>

<image file="/paws/real_skin/gui/cast_icon.png"
       resource="CastSpellButton">
</image>

<image file="/paws/real_skin/gui/experiment_icon.png"
       resource="ResearchSpellButton">
</image>

<image file="/paws/real_skin/gui/activemagic_icon.png"
       resource="ActiveMagicButton">
</image>

<!-- Glyph Slot Icons -->
<image file="/paws/real_skin/gui/glyph_slot_purified.png"
       resource="GlyphSlotPurified">
    <texturerect x="0" y="0" width="48" height="48" /> 
</image>
<image file="/paws/real_skin/gui/glyph_slot_purifying.png"
       resource="GlyphSlotPurifying">
    <texturerect x="0" y="0" width="48" height="48" /> 
</image>
<image file="/paws/real_skin/gui/glyph_slot_to-be-purified.png"
       resource="GlyphSlotToBePurified">
    <texturerect x="0" y="0" width="48" height="48" /> 
</image>


<!-- Images for the main controller window (the Toolbar) -->
<image file="/paws/real_skin/gui/toolbar/options.png" 
       resource="OptionsButton">
</image>

<image file="/paws/real_skin/gui/toolbar/inventory.png" 
       resource="InventoryButton">
</image>

<image file="/paws/real_skin/gui/toolbar/info.png" 
       resource="InfoButton">
</image>

<image file="/paws/real_skin/gui/toolbar/spellbook.png" 
       resource="MagicButton">
</image>

<image file="/paws/real_skin/gui/toolbar/exit.png" 
       resource="QuitButton">
</image>

<image file="/paws/real_skin/gui/toolbar/buddylist.png" 
       resource="BuddyButton">
</image>

<image file="/paws/real_skin/gui/toolbar/chat.png" 
       resource="ChatButton">
</image>

<image file="/paws/real_skin/gui/toolbar/group.png" 
       resource="GroupButton">
</image>

<image file="/paws/real_skin/gui/toolbar/guild.png" 
       resource="GuildButton">
</image>

<image file="/paws/real_skin/gui/toolbar/help.png" 
       resource="HelpButton">
</image>

<image file="/paws/real_skin/gui/toolbar/petition.png" 
       resource="PetitionButton">
</image>

<image file="/paws/real_skin/gui/toolbar/questbook.png" 
       resource="QuestButton">
</image>

<image file="/paws/real_skin/gui/toolbar/shortcuts.png" 
       resource="ShortcutButton">
</image>

<image file="/paws/real_skin/gui/toolbar/skill.png" 
       resource="SkillsButton">
</image>

<image file="/paws/real_skin/gui/toolbar/options_over.png" 
       resource="OptionsButton_over">
</image>

<image file="/paws/real_skin/gui/toolbar/inventory_over.png" 
       resource="InventoryButton_over">
</image>

<image file="/paws/real_skin/gui/toolbar/info_over.png" 
       resource="InfoButton_over">
</image>

<image file="/paws/real_skin/gui/toolbar/spellbook_over.png" 
       resource="MagicButton_over">
</image>

<image file="/paws/real_skin/gui/toolbar/exit_over.png" 
       resource="QuitButton_over">
</image>

<image file="/paws/real_skin/gui/toolbar/buddylist_over.png" 
       resource="BuddyButton_over">
</image>

<image file="/paws/real_skin/gui/toolbar/chat_over.png" 
       resource="ChatButton_over">
</image>

<image file="/paws/real_skin/gui/toolbar/group_over.png" 
       resource="GroupButton_over">
</image>

<image file="/paws/real_skin/gui/toolbar/guild_over.png" 
       resource="GuildButton_over">
</image>

<image file="/paws/real_skin/gui/toolbar/help_over.png" 
       resource="HelpButton_over">
</image>

<image file="/paws/real_skin/gui/toolbar/petition_over.png" 
       resource="PetitionButton_over">
</image>

<image file="/paws/real_skin/gui/toolbar/questbook_over.png" 
       resource="QuestButton_over">
</image>

<image file="/paws/real_skin/gui/toolbar/shortcuts_over.png" 
       resource="ShortcutButton_over">
</image>

<image file="/paws/real_skin/gui/toolbar/skill_over.png" 
       resource="SkillsButton_over">
</image>

<image file="/paws/real_skin/gui/toolbar/options_active.png" 
       resource="OptionsButton_active">
</image>

<image file="/paws/real_skin/gui/toolbar/inventory_active.png" 
       resource="InventoryButton_active">
</image>

<image file="/paws/real_skin/gui/toolbar/info_active.png" 
       resource="InfoButton_active">
</image>

<image file="/paws/real_skin/gui/toolbar/spellbook_active.png" 
       resource="MagicButton_active">
</image>

<image file="/paws/real_skin/gui/toolbar/exit_active.png" 
       resource="QuitButton_active">
</image>

<image file="/paws/real_skin/gui/toolbar/buddylist_active.png" 
       resource="BuddyButton_active">
</image>

<image file="/paws/real_skin/gui/toolbar/chat_active.png" 
       resource="ChatButton_active">
</image>

<image file="/paws/real_skin/gui/toolbar/group_active.png" 
       resource="GroupButton_active">
</image>

<image file="/paws/real_skin/gui/toolbar/guild_active.png" 
       resource="GuildButton_active">
</image>

<image file="/paws/real_skin/gui/toolbar/help_active.png" 
       resource="HelpButton_active">
</image>

<image file="/paws/real_skin/gui/toolbar/petition_active.png" 
       resource="PetitionButton_active">
</image>

<image file="/paws/real_skin/gui/toolbar/questbook_active.png" 
       resource="QuestButton_active">
</image>

<image file="/paws/real_skin/gui/toolbar/shortcuts_active.png" 
       resource="ShortcutButton_active">
</image>

<image file="/paws/real_skin/gui/toolbar/skill_active.png" 
       resource="SkillsButton_active">
</image>

<image file="/paws/real_skin/gui/toolbar/minimize_up.png"
       resource="MiniUp" >
</image>

<image file="/paws/real_skin/gui/toolbar/minimize_down.png"
       resource="MiniDown" >
</image>

<!-- Images for the info/status window -->
<image file="/paws/real_skin/buttons/stance/stopattack_active.png"
	resource="ButtonStopAttackActive" >
</image>
<image file="/paws/real_skin/buttons/stance/bloody_active.png"
	resource="ButtonAttackBloodyActive" >
</image>
<image file="/paws/real_skin/buttons/stance/aggressive_active.png"
	resource="ButtonAttackAggressiveActive" >
</image>
<image file="/paws/real_skin/buttons/stance/normal_active.png"
	resource="ButtonAttackNormalActive" >
</image>
<image file="/paws/real_skin/buttons/stance/defense_active.png"
	resource="ButtonAttackDefensiveActive" >
</image>
<image file="/paws/real_skin/buttons/stance/fulldefense_active.png"
	resource="ButtonAttackFullDefActive" >
</image>

<image file="/paws/real_skin/buttons/stance/stopattack.png"
	resource="ButtonStopAttack" >
</image>
<image file="/paws/real_skin/buttons/stance/bloody.png"
	resource="ButtonAttackBloody">
</image>
<image file="/paws/real_skin/buttons/stance/aggressive.png"
	resource="ButtonAttackAggressive">
</image>
<image file="/paws/real_skin/buttons/stance/normal.png"
	resource="ButtonAttackNormal" >
</image>
<image file="/paws/real_skin/buttons/stance/defense.png"
	resource="ButtonAttackDefensive" >
</image>
<image file="/paws/real_skin/buttons/stance/fulldefense.png"
	resource="ButtonAttackFullDef" >
</image>

<image file="/paws/real_skin/buttons/radio.png" resource="radiooff">
    <alpha level="0" />
    <trans r="255" g="0" b="255" />    
</image>

<image file="/paws/real_skin/buttons/radioon.png" resource="radioon">
    <alpha level="0" />
    <trans r="255" g="0" b="255" />    
</image>

<image file="/paws/real_skin/backdrop/minigame.png" resource="Minigame Background"></image>




<!-- standard buttons and backgrounds -->

<image file="/paws/real_skin/gui/invback.png" resource="Standard Background">
</image>

<image file="/paws/real_skin/gui/darkblue_bg.png" resource="Blue Background" tiled="true" >
<alpha level="0" />
</image>

<image file="/paws/real_skin/gui/grey_bg.png" resource="Grey Background" tiled="true">
  <alpha level="0" />
  </image>

<image file="/paws/real_skin/icons.png" resource="view">
    <texturerect x="128" y="0" width="64" height="64" /> 
</image>
<image file="/paws/real_skin/icons.png" resource="InventoryBulk">
    <texturerect x="192" y="0" width="64" height="64" /> 
</image>






<!-- New GUI system (tiling borders) -->

<!-- Mouse pointers -->
<image file="/paws/real_skin/components01.png" resource="Mouse Pointer">
    <texturerect x="0" y="0" width="32" height="32" /> 
</image>
<image file="/paws/real_skin/components01.png" resource="Mouse Pointer Highlight">
    <texturerect x="0" y="32" width="32" height="32" /> 
</image>


<!-- Scrollbar -->
<image file="/paws/real_skin/components01.png" resource="Up Arrow">
    <texturerect x="32" y="0" width="32" height="32" /> 
</image>
<image file="/paws/real_skin/components01.png" resource="Up Arrow Highlight">
    <texturerect x="64" y="0" width="32" height="32" /> 
</image>
<image file="/paws/real_skin/components01.png" resource="Up Arrow Disabled">
    <texturerect x="96" y="0" width="32" height="32" /> 
</image>

<image file="/paws/real_skin/components01.png" resource="Down Arrow">
    <texturerect x="32" y="32" width="32" height="32" /> 
</image>
<image file="/paws/real_skin/components01.png" resource="Down Arrow Highlight">
    <texturerect x="64" y="32" width="32" height="32" /> 
</image>
<image file="/paws/real_skin/components01.png" resource="Down Arrow Disabled">
    <texturerect x="96" y="32" width="32" height="32" /> 
</image>


<image file="/paws/real_skin/components01.png" resource="Right Arrow">
    <texturerect x="160" y="0" width="32" height="32" /> 
</image>
<image file="/paws/real_skin/components01.png" resource="Right Arrow Highlight">
    <texturerect x="192" y="0" width="32" height="32" /> 
</image>
<image file="/paws/real_skin/components01.png" resource="Right Arrow Disabled">
    <texturerect x="224" y="0" width="32" height="32" /> 
</image>

<image file="/paws/real_skin/components01.png" resource="Left Arrow">
    <texturerect x="160" y="32" width="32" height="32" /> 
</image>
<image file="/paws/real_skin/components01.png" resource="Left Arrow Highlight">
    <texturerect x="192" y="32" width="32" height="32" /> 
</image>
<image file="/paws/real_skin/components01.png" resource="Left Arrow Disabled">
    <texturerect x="224" y="32" width="32" height="32" /> 
</image>


<image file="/paws/real_skin/components01.png" resource="Scrollbar Background Vertical">
    <texturerect x="128" y="0" width="32" height="160" /> 
</image>
<image file="/paws/real_skin/components01.png" resource="Scrollbar Background Horizontal">
    <texturerect x="192" y="224" width="160" height="32" /> 
</image>

<image file="/paws/real_skin/components01.png" resource="ScrollBar Thumb">
    <texturerect x="256" y="32" width="32" height="32" /> 
</image>
<image file="/paws/real_skin/components01.png" resource="ScrollBar Thumb Moving">
    <texturerect x="256" y="0" width="32" height="32" /> 
</image>



<!-- Checkbox -->
<image file="/paws/real_skin/components01.png" resource="Checkbox Off">
    <texturerect x="64" y="240" width="16" height="16" /> 
</image>
<image file="/paws/real_skin/components01.png" resource="Checkbox On">
    <texturerect x="80" y="240" width="16" height="16" /> 
</image>
<image file="/paws/real_skin/components01.png" resource="Checkbox Off Locked">
    <texturerect x="96" y="240" width="16" height="16" /> 
</image>
<image file="/paws/real_skin/components01.png" resource="Checkbox On Locked">
    <texturerect x="112" y="240" width="16" height="16" /> 
</image>


<!-- Radio Button -->
<image file="/paws/real_skin/components01.png" resource="radiooff">
    <texturerect x="0" y="240" width="16" height="16" /> 
</image>
<image file="/paws/real_skin/components01.png" resource="radioon">
    <texturerect x="16" y="240" width="16" height="16" /> 
</image>
<image file="/paws/real_skin/components01.png" resource="Radio Off Locked">
    <texturerect x="32" y="240" width="16" height="16" /> 
</image>
<image file="/paws/real_skin/components01.png" resource="Radio On Locked">
    <texturerect x="48" y="240" width="16" height="16" /> 
</image>


<!-- Progressbar -->
<image file="/paws/real_skin/components01.png" resource="Progressbar Background">
    <texturerect x="160" y="64" width="128" height="16" /> 
</image>
<image file="/paws/real_skin/components01.png" resource="Progressbar Mask">
    <texturerect x="160" y="80" width="128" height="16" /> 
</image>
<frame resource="Scaling Progressbar Background" file="/paws/real_skin/components01.png" type="horizontal">
	<left   tx="160"  ty="64" tw="3" th="16"/>
	<middle tx="163"  ty="64" tw="122" th="16" />
	<right  tx="285" ty="64" tw="3" th="16"/>
</frame>
<frame resource="Scaling Progressbar Mask" file="/paws/real_skin/components01.png" type="horizontal">
	<left   tx="160"  ty="80" tw="3" th="16"/>
	<middle tx="163"  ty="80" tw="122" th="16" />
	<right  tx="285" ty="80" tw="3" th="16"/>
</frame>




<!-- Tree Controls -->
<image file="/paws/real_skin/components01.png" resource="treeexpand">
    <texturerect x="144" y="160" width="8" height="8" /> 
</image>
<image file="/paws/real_skin/components01.png" resource="treecollapse">
    <texturerect x="152" y="160" width="8" height="8" /> 
</image>



<!-- Generic Slot -->
<image file="/paws/real_skin/components01.png" resource="Standard Slot">
    <texturerect x="0" y="160" width="48" height="48" /> 
</image>
<image file="/paws/real_skin/components01.png" resource="Standard Slot Highlight">
    <texturerect x="48" y="160" width="48" height="48" /> 
</image>
<image file="/paws/real_skin/components01.png" resource="Standard Slot Disabled">
    <texturerect x="96" y="160" width="48" height="48" /> 
</image>
<frame resource="Scaling Slot" file="/paws/real_skin/components01.png">
    <top_left     tx="0" ty="160"  tw="6" th="6"/>
    <top          tx="6" ty="160"  tw="36" th="6" tile="true" />
    <top_right    tx="42" ty="160"  tw="6" th="6"/>
    <left         tx="0" ty="166" tw="6" th="36" tile="true" />
    <middle       tx="6" ty="166" tw="36" th="36" tile="true" />
    <right        tx="42" ty="166" tw="6" th="36" tile="true" />
    <bottom_left  tx="0" ty="202" tw="6" th="6"/>
    <bottom       tx="6" ty="202" tw="36" th="6" tile="true" />
    <bottom_right tx="42" ty="202" tw="6" th="6"/>
</frame>
<frame resource="Scaling Slot Highlight" file="/paws/real_skin/components01.png">
    <top_left     tx="48" ty="160"  tw="6" th="6"/>
    <top          tx="54" ty="160"  tw="36" th="6" tile="true" />
    <top_right    tx="90" ty="160"  tw="6" th="6"/>
    <left         tx="48" ty="166" tw="6" th="36" tile="true" />
    <middle       tx="54" ty="166" tw="36" th="36" tile="true" />
    <right        tx="90" ty="166" tw="6" th="36" tile="true" />
    <bottom_left  tx="48" ty="202" tw="6" th="6"/>
    <bottom       tx="54" ty="202" tw="36" th="6" tile="true" />
    <bottom_right tx="90" ty="202" tw="6" th="6"/>
</frame>
<frame resource="Scaling Slot Disabled" file="/paws/real_skin/components01.png">
    <top_left     tx="96" ty="160"  tw="6" th="6"/>
    <top          tx="102" ty="160"  tw="36" th="6" tile="true" />
    <top_right    tx="138" ty="160"  tw="6" th="6"/>
    <left         tx="96" ty="166" tw="6" th="36" tile="true" />
    <middle       tx="102" ty="166" tw="36" th="36" tile="true" />
    <right        tx="138" ty="166" tw="6" th="36" tile="true" />
    <bottom_left  tx="96" ty="202" tw="6" th="6"/>
    <bottom       tx="102" ty="202" tw="36" th="6" tile="true" />
    <bottom_right tx="138" ty="202" tw="6" th="6"/>
</frame>


<!-- Generic Button -->

<image file="/paws/real_skin/components01.png" resource="Standard Button">
    <texturerect x="0" y="64" width="128" height="32" /> 
</image>
<image file="/paws/real_skin/components01.png" resource="Standard Button Down">
    <texturerect x="0" y="96" width="128" height="32" /> 
</image>
<image file="/paws/real_skin/components01.png" resource="Standard Button Disabled">
    <texturerect x="0" y="128" width="128" height="32" /> 
</image>

<frame resource="Scaling Button" file="/paws/real_skin/components01.png">
    <top_left     tx="0" ty="64"  tw="5" th="5"/>
    <top          tx="5" ty="64"  tw="118" th="5" tile="true" />
    <top_right    tx="123" ty="64"  tw="5" th="5"/>
    <left         tx="0" ty="69" tw="5" th="22" tile="true" />
    <middle       tx="5" ty="69" tw="118" th="22" tile="true" />
    <right        tx="123" ty="69" tw="5" th="22" tile="true" />
    <bottom_left  tx="0" ty="91" tw="5" th="5"/>
    <bottom       tx="5" ty="91" tw="118" th="5" tile="true" />
    <bottom_right tx="123" ty="91" tw="5" th="5"/>
</frame>

<frame resource="Scaling Button Down" file="/paws/real_skin/components01.png">
    <top_left     tx="0" ty="96"  tw="5" th="5"/>
    <top          tx="5" ty="96"  tw="118" th="5" tile="true" />
    <top_right    tx="123" ty="96"  tw="5" th="5"/>
    <left         tx="0" ty="101" tw="5" th="22" tile="true" />
    <middle       tx="5" ty="101" tw="118" th="22" tile="true" />
    <right        tx="123" ty="101" tw="5" th="22" tile="true" />
    <bottom_left  tx="0" ty="123" tw="5" th="5"/>
    <bottom       tx="5" ty="123" tw="118" th="5" tile="true" />
    <bottom_right tx="123" ty="123" tw="5" th="5"/>
</frame>

<frame resource="Scaling Button Disabled" file="/paws/real_skin/components01.png">
    <top_left     tx="0" ty="128"  tw="5" th="5"/>
    <top          tx="5" ty="128"  tw="118" th="5" tile="true" />
    <top_right    tx="123" ty="128"  tw="5" th="5"/>
    <left         tx="0" ty="133" tw="5" th="22" tile="true" />
    <middle       tx="5" ty="133" tw="118" th="22" tile="true" />
    <right        tx="123" ty="133" tw="5" th="22" tile="true" />
    <bottom_left  tx="0" ty="155" tw="5" th="5"/>
    <bottom       tx="5" ty="155" tw="118" th="5" tile="true" />
    <bottom_right tx="123" ty="155" tw="5" th="5"/>
</frame>


<!-- Text Area -->
<frame resource="Scaling Field Background" file="/paws/real_skin/components01.png">
    <top_left     tx="169"  ty="105"  tw="1" th="1"/>
    <top          tx="170"  ty="105"  tw="108" th="1" tile="true" />
    <top_right    tx="278" ty="105"  tw="1" th="1"/>
    <left         tx="169"  ty="106"  tw="1" th="76" tile="true" />
    <middle       tx="170"  ty="106" tw="108" th="76" tile="true" />
    <right        tx="278" ty="106"  tw="1" th="76" tile="true" />
    <bottom_left  tx="169"  ty="182"  tw="1" th="1"/>
    <bottom       tx="170"  ty="182"  tw="108" th="1" tile="true" />
    <bottom_right tx="278" ty="182"  tw="1" th="1"/>
</frame>
<!--
<frame resource="Highlight" file="/paws/real_skin/components01.png">
    <top_left     tx="160"  ty="192"  tw="9" th="5"/>
    <top          tx="169"  ty="192"  tw="110" th="5" tile="true" />
    <top_right    tx="279" ty="192"  tw="9" th="5"/>
    <left         tx="160"  ty="197"  tw="9" th="6" tile="true" />
    <middle       tx="169"  ty="197" tw="110" th="6" tile="true" />
    <right        tx="279" ty="197"  tw="9" th="6" tile="true" />
    <bottom_left  tx="160"  ty="203"  tw="9" th="5"/>
    <bottom       tx="169"  ty="203"  tw="110" th="5" tile="true" />
    <bottom_right tx="279" ty="203"  tw="9" th="5"/>
</frame>
-->
<image file="/paws/real_skin/components01.png" resource="Highlight">
    <texturerect x="160" y="192" width="128" height="16" /> 
</image>

<frame resource="Scaling Widget Background" file="/paws/real_skin/components01.png">
    <top_left     tx="160"  ty="96"  tw="10" th="10"/>
    <top          tx="170"  ty="96"  tw="108" th="10" tile="true" />
    <top_right    tx="278" ty="96"  tw="10" th="10"/>
    <left         tx="160"  ty="106"  tw="10" th="76" tile="true" />
    <middle       tx="170"  ty="106" tw="108" th="76" tile="true" />
    <right        tx="278" ty="106"  tw="10" th="76" tile="true" />
    <bottom_left  tx="160"  ty="182"  tw="10" th="10"/>
    <bottom       tx="170"  ty="182"  tw="108" th="10" tile="true" />
    <bottom_right tx="278" ty="182"  tw="10" th="10"/>
</frame>



<!-- Tabs -->
<image file="/paws/real_skin/components01.png" resource="Standard Tab">
    <texturerect x="0" y="208" width="64" height="32" />
</image>
<image file="/paws/real_skin/components01.png" resource="Standard Tab Highlight">
    <texturerect x="64" y="208" width="64" height="32" />
</image>
<image file="/paws/real_skin/components01.png" resource="Standard Tab Disabled">
    <texturerect x="128" y="208" width="64" height="32" />
</image>
<frame resource="Scaling Tab" file="/paws/real_skin/components01.png">
    <top_left     tx="0"  ty="208"  tw="8" th="8"/>
    <top          tx="8"  ty="208"  tw="48" th="8" tile="true" />
    <top_right    tx="56" ty="208"  tw="8" th="8"/>
    <left         tx="0"  ty="216"  tw="8" th="16" tile="true" />
    <middle       tx="8"  ty="216" tw="48" th="16" tile="true" />
    <right        tx="56" ty="216"  tw="8" th="16" tile="true" />
    <bottom_left  tx="0"  ty="232"  tw="8" th="8"/>
    <bottom       tx="8"  ty="232"  tw="48" th="8" tile="true" />
    <bottom_right tx="56" ty="232"  tw="8" th="8"/>
</frame>
<frame resource="Scaling Tab Highlight" file="/paws/real_skin/components01.png">
    <top_left     tx="64"  ty="208"  tw="8" th="8"/>
    <top          tx="72"  ty="208"  tw="48" th="8" tile="true" />
    <top_right    tx="120" ty="208"  tw="8" th="8"/>
    <left         tx="64"  ty="216"  tw="8" th="16" tile="true" />
    <middle       tx="72"  ty="216" tw="48" th="16" tile="true" />
    <right        tx="120" ty="216"  tw="8" th="16" tile="true" />
    <bottom_left  tx="64"  ty="232"  tw="8" th="8"/>
    <bottom       tx="72"  ty="232"  tw="48" th="8" tile="true" />
    <bottom_right tx="120" ty="232"  tw="8" th="8"/>
</frame>
<frame resource="Scaling Tab Disabled" file="/paws/real_skin/components01.png">
    <top_left     tx="128"  ty="208"  tw="8" th="8"/>
    <top          tx="136"  ty="208"  tw="48" th="8" tile="true" />
    <top_right    tx="184" ty="208"  tw="8" th="8"/>
    <left         tx="128"  ty="216"  tw="8" th="16" tile="true" />
    <middle       tx="136"  ty="216" tw="48" th="16" tile="true" />
    <right        tx="184" ty="216"  tw="8" th="16" tile="true" />
    <bottom_left  tx="128"  ty="232"  tw="8" th="8"/>
    <bottom       tx="136"  ty="232"  tw="48" th="8" tile="true" />
    <bottom_right tx="184" ty="232"  tw="8" th="8"/>
</frame>



<!-- Window -->
<frame resource="Scaling Title Bar" file="/paws/real_skin/components01.png">
    <top_left     tx="288"  ty="0"  tw="16" th="11"/>
    <top          tx="304"  ty="0"  tw="128" th="11" tile="true" />
    <top_right    tx="432" ty="0"  tw="16" th="11"/>
    <left         tx="288"  ty="11" tw="16"  th="10" tile="true" />
    <middle       tx="304"  ty="11" tw="128" th="10" tile="true" />
    <right        tx="432" ty="11"  tw="16" th="10" tile="true" />
    <bottom_left  tx="288"  ty="21"  tw="16" th="11"/>
    <bottom       tx="304"  ty="21"  tw="128" th="11" tile="true" />
    <bottom_right tx="432" ty="21"  tw="16" th="11"/>
</frame>
<frame resource="Scaling Window Background" file="/paws/real_skin/components01.png">
    <top_left     tx="288"  ty="32"  tw="16" th="16"/>
    <top          tx="304"  ty="32"  tw="128" th="16" tile="true" />
    <top_right    tx="432" ty="32"  tw="16" th="16"/>
    <left         tx="288"  ty="48" tw="16"  th="128" tile="true" />
    <middle       tx="304"  ty="48" tw="128" th="128" tile="true" />
    <right        tx="432" ty="48"  tw="16" th="128" tile="true" />
    <bottom_left  tx="288"  ty="176"  tw="16" th="16"/>
    <bottom       tx="304"  ty="176"  tw="128" th="16" tile="true" />
    <bottom_right tx="432" ty="176"  tw="16" th="16"/>
</frame>
<image file="/paws/real_skin/components01.png" resource="ResizeBox">
    <texturerect x="144" y="168" width="8" height="8" />
</image>
<image file="/paws/real_skin/components01.png" resource="quit">
    <texturerect x="144" y="176" width="16" height="16" />
</image>


<!-- Toolbar -->
<image file="/paws/real_skin/components01.png" resource="MiniDown">
    <texturerect x="288" y="192" width="32" height="32" /> 
</image>
<image file="/paws/real_skin/components01.png" resource="MiniUp">
    <texturerect x="320" y="192" width="32" height="32" /> 
</image>



</image_list>

