<lighting>
 <color value="0" object="laanx_dungeon" type="ambient" r="0.133333" g="0.321569" b="0.392157" rain_r="0.133333" rain_g="0.321569" rain_b="0.392157" />
 <color value="1" object="laanx_dungeon" type="ambient" r="0.133333" g="0.329412" b="0.4" rain_r="0.133333" rain_g="0.329412" rain_b="0.4" />
 <color value="2" object="laanx_dungeon" type="ambient" r="0.133333" g="0.321569" b="0.392157" rain_r="0.133333" rain_g="0.321569" rain_b="0.392157" />
 <color value="3" object="laanx_dungeon" type="ambient" r="0.133333" g="0.329412" b="0.4" rain_r="0.133333" rain_g="0.329412" rain_b="0.4" />
 <color value="4" object="laanx_dungeon" type="ambient" r="0.133333" g="0.321569" b="0.392157" rain_r="0.133333" rain_g="0.321569" rain_b="0.392157" />
 <color value="5" object="laanx_dungeon" type="ambient" r="0.133333" g="0.329412" b="0.4" rain_r="0.133333" rain_g="0.329412" rain_b="0.4" />
 <color value="6" object="laanx_dungeon" type="ambient" r="0.133333" g="0.321569" b="0.392157" rain_r="0.133333" rain_g="0.321569" rain_b="0.392157" />
 <color value="7" object="laanx_dungeon" type="ambient" r="0.133333" g="0.329412" b="0.4" rain_r="0.133333" rain_g="0.329412" rain_b="0.4" />
 <color value="8" object="laanx_dungeon" type="ambient" r="0.133333" g="0.321569" b="0.392157" rain_r="0.133333" rain_g="0.321569" rain_b="0.392157" />
 <color value="9" object="laanx_dungeon" type="ambient" r="0.133333" g="0.329412" b="0.4" rain_r="0.133333" rain_g="0.329412" rain_b="0.4" />
 <color value="10" object="laanx_dungeon" type="ambient" r="0.133333" g="0.321569" b="0.392157" rain_r="0.133333" rain_g="0.321569" rain_b="0.392157" />
 <color value="11" object="laanx_dungeon" type="ambient" r="0.133333" g="0.329412" b="0.4" rain_r="0.133333" rain_g="0.329412" rain_b="0.4" />
 <color value="12" object="laanx_dungeon" type="ambient" r="0.133333" g="0.321569" b="0.392157" rain_r="0.133333" rain_g="0.321569" rain_b="0.392157" />
 <color value="13" object="laanx_dungeon" type="ambient" r="0.133333" g="0.329412" b="0.4" rain_r="0.133333" rain_g="0.329412" rain_b="0.4" />
 <color value="14" object="laanx_dungeon" type="ambient" r="0.133333" g="0.321569" b="0.392157" rain_r="0.133333" rain_g="0.321569" rain_b="0.392157" />
 <color value="15" object="laanx_dungeon" type="ambient" r="0.133333" g="0.329412" b="0.4" rain_r="0.133333" rain_g="0.329412" rain_b="0.4" />
 <color value="16" object="laanx_dungeon" type="ambient" r="0.133333" g="0.321569" b="0.392157" rain_r="0.133333" rain_g="0.321569" rain_b="0.392157" />
 <color value="17" object="laanx_dungeon" type="ambient" r="0.133333" g="0.329412" b="0.4" rain_r="0.133333" rain_g="0.329412" rain_b="0.4" />
 <color value="18" object="laanx_dungeon" type="ambient" r="0.133333" g="0.321569" b="0.392157" rain_r="0.133333" rain_g="0.321569" rain_b="0.392157" />
 <color value="19" object="laanx_dungeon" type="ambient" r="0.133333" g="0.329412" b="0.4" rain_r="0.133333" rain_g="0.329412" rain_b="0.4" />
 <color value="20" object="laanx_dungeon" type="ambient" r="0.133333" g="0.321569" b="0.392157" rain_r="0.133333" rain_g="0.321569" rain_b="0.392157" />
 <color value="21" object="laanx_dungeon" type="ambient" r="0.133333" g="0.329412" b="0.4" rain_r="0.133333" rain_g="0.329412" rain_b="0.4" />
 <color value="22" object="laanx_dungeon" type="ambient" r="0.133333" g="0.321569" b="0.392157" rain_r="0.133333" rain_g="0.321569" rain_b="0.392157" />
 <color value="23" object="laanx_dungeon" type="ambient" r="0.133333" g="0.321569" b="0.392157" rain_r="0.133333" rain_g="0.321569" rain_b="0.392157" />
 <color value="0" object="jayose_inside" type="ambient" r="0.343137" g="0.343137" b="0.343137" rain_r="0.343137" rain_g="0.343137" rain_b="0.343137" />
 <color value="1" object="jayose_inside" type="ambient" r="0.343137" g="0.343137" b="0.356863" rain_r="0.343137" rain_g="0.343137" rain_b="0.343137" />
 <color value="2" object="jayose_inside" type="ambient" r="0.343137" g="0.343137" b="0.343137" rain_r="0.343137" rain_g="0.343137" rain_b="0.343137" />
 <color value="3" object="jayose_inside" type="ambient" r="0.343137" g="0.343137" b="0.356863" rain_r="0.343137" rain_g="0.343137" rain_b="0.343137" />
 <color value="4" object="jayose_inside" type="ambient" r="0.343137" g="0.343137" b="0.343137" rain_r="0.343137" rain_g="0.343137" rain_b="0.343137" />
 <color value="5" object="jayose_inside" type="ambient" r="0.343137" g="0.343137" b="0.356863" rain_r="0.343137" rain_g="0.343137" rain_b="0.343137" />
 <color value="6" object="jayose_inside" type="ambient" r="0.343137" g="0.343137" b="0.343137" rain_r="0.343137" rain_g="0.343137" rain_b="0.343137" />
 <color value="7" object="jayose_inside" type="ambient" r="0.343137" g="0.343137" b="0.356863" rain_r="0.343137" rain_g="0.343137" rain_b="0.343137" />
 <color value="8" object="jayose_inside" type="ambient" r="0.343137" g="0.343137" b="0.343137" rain_r="0.343137" rain_g="0.343137" rain_b="0.343137" />
 <color value="9" object="jayose_inside" type="ambient" r="0.343137" g="0.343137" b="0.356863" rain_r="0.343137" rain_g="0.343137" rain_b="0.343137" />
 <color value="10" object="jayose_inside" type="ambient" r="0.343137" g="0.343137" b="0.343137" rain_r="0.343137" rain_g="0.343137" rain_b="0.343137" />
 <color value="11" object="jayose_inside" type="ambient" r="0.343137" g="0.343137" b="0.356863" rain_r="0.343137" rain_g="0.343137" rain_b="0.343137" />
 <color value="12" object="jayose_inside" type="ambient" r="0.343137" g="0.343137" b="0.343137" rain_r="0.343137" rain_g="0.343137" rain_b="0.343137" />
 <color value="13" object="jayose_inside" type="ambient" r="0.343137" g="0.343137" b="0.356863" rain_r="0.343137" rain_g="0.343137" rain_b="0.343137" />
 <color value="14" object="jayose_inside" type="ambient" r="0.343137" g="0.343137" b="0.343137" rain_r="0.343137" rain_g="0.343137" rain_b="0.343137" />
 <color value="15" object="jayose_inside" type="ambient" r="0.343137" g="0.343137" b="0.356863" rain_r="0.343137" rain_g="0.343137" rain_b="0.343137" />
 <color value="16" object="jayose_inside" type="ambient" r="0.343137" g="0.343137" b="0.343137" rain_r="0.343137" rain_g="0.343137" rain_b="0.343137" />
 <color value="17" object="jayose_inside" type="ambient" r="0.343137" g="0.343137" b="0.343137" rain_r="0.343137" rain_g="0.343137" rain_b="0.343137" />
 <color value="18" object="jayose_inside" type="ambient" r="0.343137" g="0.343137" b="0.356863" rain_r="0.343137" rain_g="0.343137" rain_b="0.343137" />
 <color value="19" object="jayose_inside" type="ambient" r="0.343137" g="0.343137" b="0.343137" rain_r="0.343137" rain_g="0.343137" rain_b="0.343137" />
 <color value="20" object="jayose_inside" type="ambient" r="0.343137" g="0.343137" b="0.356863" rain_r="0.343137" rain_g="0.343137" rain_b="0.343137" />
 <color value="21" object="jayose_inside" type="ambient" r="0.343137" g="0.343137" b="0.343137" rain_r="0.343137" rain_g="0.343137" rain_b="0.343137" />
 <color value="22" object="jayose_inside" type="ambient" r="0.343137" g="0.343137" b="0.356863" rain_r="0.343137" rain_g="0.343137" rain_b="0.343137" />
 <color value="23" object="jayose_inside" type="ambient" r="0.343137" g="0.343137" b="0.343137" rain_r="0.343137" rain_g="0.343137" rain_b="0.343137" />
 <color value="0" object="laanx_entrance" type="ambient" r="0.288235" g="0.192157" b="0.192157" rain_r="0.288235" rain_g="0.192157" rain_b="0.192157" />
 <color value="0" object="crystallaanx_entrance" type="light" r="0.172549" g="0.243137" b="0.384314" rain_r="0.164706" rain_g="0.172549" rain_b="0.188235" />
 <color value="1" object="laanx_entrance" type="ambient" r="0.288235" g="0.192157" b="0.205882" rain_r="0.288235" rain_g="0.192157" rain_b="0.192157" />
 <color value="1" object="crystallaanx_entrance" type="light" r="0.172549" g="0.243137" b="0.384314" rain_r="0.164706" rain_g="0.172549" rain_b="0.188235" />
 <color value="2" object="laanx_entrance" type="ambient" r="0.288235" g="0.192157" b="0.192157" rain_r="0.288235" rain_g="0.192157" rain_b="0.192157" />
 <color value="2" object="crystallaanx_entrance" type="light" r="0.172549" g="0.243137" b="0.384314" rain_r="0.164706" rain_g="0.172549" rain_b="0.188235" />
 <color value="3" object="laanx_entrance" type="ambient" r="0.288235" g="0.192157" b="0.205882" rain_r="0.288235" rain_g="0.192157" rain_b="0.192157" />
 <color value="3" object="crystallaanx_entrance" type="light" r="0.172549" g="0.243137" b="0.384314" rain_r="0.164706" rain_g="0.172549" rain_b="0.188235" />
 <color value="4" object="laanx_entrance" type="ambient" r="0.288235" g="0.192157" b="0.192157" rain_r="0.288235" rain_g="0.192157" rain_b="0.192157" />
 <color value="4" object="crystallaanx_entrance" type="light" r="0.172549" g="0.243137" b="0.384314" rain_r="0.164706" rain_g="0.172549" rain_b="0.188235" />
 <color value="5" object="laanx_entrance" type="ambient" r="0.288235" g="0.192157" b="0.205882" rain_r="0.288235" rain_g="0.192157" rain_b="0.192157" />
 <color value="5" object="crystallaanx_entrance" type="light" r="0.180392" g="0.25098" b="0.392157" rain_r="0.164706" rain_g="0.172549" rain_b="0.196078" />
 <color value="6" object="laanx_entrance" type="ambient" r="0.288235" g="0.192157" b="0.192157" rain_r="0.288235" rain_g="0.192157" rain_b="0.192157" />
 <color value="6" object="crystallaanx_entrance" type="light" r="0.211765" g="0.290196" b="0.423529" rain_r="0.180392" rain_g="0.188235" rain_b="0.211765" />
 <color value="7" object="laanx_entrance" type="ambient" r="0.288235" g="0.192157" b="0.205882" rain_r="0.288235" rain_g="0.192157" rain_b="0.192157" />
 <color value="7" object="crystallaanx_entrance" type="light" r="0.321569" g="0.407843" b="0.517647" rain_r="0.211765" rain_g="0.235294" rain_b="0.258824" />
 <color value="8" object="laanx_entrance" type="ambient" r="0.288235" g="0.192157" b="0.192157" rain_r="0.288235" rain_g="0.192157" rain_b="0.192157" />
 <color value="8" object="crystallaanx_entrance" type="light" r="0.4" g="0.52549" b="0.658824" rain_r="0.266667" rain_g="0.298039" rain_b="0.329412" />
 <color value="9" object="laanx_entrance" type="ambient" r="0.288235" g="0.192157" b="0.205882" rain_r="0.288235" rain_g="0.192157" rain_b="0.192157" />
 <color value="9" object="crystallaanx_entrance" type="light" r="0.431373" g="0.580392" b="0.784314" rain_r="0.305882" rain_g="0.345098" rain_b="0.392157" />
 <color value="10" object="laanx_entrance" type="ambient" r="0.288235" g="0.192157" b="0.192157" rain_r="0.288235" rain_g="0.192157" rain_b="0.192157" />
 <color value="10" object="crystallaanx_entrance" type="light" r="0.447059" g="0.603922" b="0.847059" rain_r="0.321569" rain_g="0.360784" rain_b="0.423529" />
 <color value="11" object="laanx_entrance" type="ambient" r="0.288235" g="0.192157" b="0.205882" rain_r="0.288235" rain_g="0.192157" rain_b="0.192157" />
 <color value="11" object="crystallaanx_entrance" type="light" r="0.447059" g="0.611765" b="0.870588" rain_r="0.329412" rain_g="0.368627" rain_b="0.431373" />
 <color value="12" object="laanx_entrance" type="ambient" r="0.288235" g="0.192157" b="0.192157" rain_r="0.288235" rain_g="0.192157" rain_b="0.192157" />
 <color value="12" object="crystallaanx_entrance" type="light" r="0.454902" g="0.611765" b="0.886275" rain_r="0.329412" rain_g="0.368627" rain_b="0.439216" />
 <color value="13" object="laanx_entrance" type="ambient" r="0.288235" g="0.192157" b="0.205882" rain_r="0.288235" rain_g="0.192157" rain_b="0.192157" />
 <color value="13" object="crystallaanx_entrance" type="light" r="0.470588" g="0.611765" b="0.878431" rain_r="0.337255" rain_g="0.376471" rain_b="0.439216" />
 <color value="14" object="laanx_entrance" type="ambient" r="0.288235" g="0.192157" b="0.192157" rain_r="0.288235" rain_g="0.192157" rain_b="0.192157" />
 <color value="14" object="crystallaanx_entrance" type="light" r="0.494118" g="0.603922" b="0.862745" rain_r="0.337255" rain_g="0.368627" rain_b="0.431373" />
 <color value="15" object="laanx_entrance" type="ambient" r="0.288235" g="0.192157" b="0.205882" rain_r="0.288235" rain_g="0.192157" rain_b="0.192157" />
 <color value="15" object="crystallaanx_entrance" type="light" r="0.517647" g="0.580392" b="0.792157" rain_r="0.329412" rain_g="0.337255" rain_b="0.392157" />
 <color value="16" object="laanx_entrance" type="ambient" r="0.288235" g="0.192157" b="0.192157" rain_r="0.288235" rain_g="0.192157" rain_b="0.192157" />
 <color value="16" object="crystallaanx_entrance" type="light" r="0.541176" g="0.541176" b="0.698039" rain_r="0.313726" rain_g="0.313726" rain_b="0.352941" />
 <color value="17" object="laanx_entrance" type="ambient" r="0.288235" g="0.192157" b="0.192157" rain_r="0.288235" rain_g="0.192157" rain_b="0.192157" />
 <color value="17" object="crystallaanx_entrance" type="light" r="0.564706" g="0.470588" b="0.588235" rain_r="0.290196" rain_g="0.282353" rain_b="0.313726" />
 <color value="18" object="laanx_entrance" type="ambient" r="0.288235" g="0.192157" b="0.205882" rain_r="0.288235" rain_g="0.192157" rain_b="0.192157" />
 <color value="18" object="crystallaanx_entrance" type="light" r="0.588235" g="0.4" b="0.494118" rain_r="0.258824" rain_g="0.243137" rain_b="0.27451" />
 <color value="19" object="laanx_entrance" type="ambient" r="0.288235" g="0.192157" b="0.192157" rain_r="0.288235" rain_g="0.192157" rain_b="0.192157" />
 <color value="19" object="crystallaanx_entrance" type="light" r="0.494118" g="0.337255" b="0.447059" rain_r="0.227451" rain_g="0.203922" rain_b="0.235294" />
 <color value="20" object="laanx_entrance" type="ambient" r="0.288235" g="0.192157" b="0.205882" rain_r="0.288235" rain_g="0.192157" rain_b="0.192157" />
 <color value="20" object="crystallaanx_entrance" type="light" r="0.337255" g="0.282353" b="0.407843" rain_r="0.188235" rain_g="0.180392" rain_b="0.211765" />
 <color value="21" object="laanx_entrance" type="ambient" r="0.288235" g="0.192157" b="0.192157" rain_r="0.288235" rain_g="0.192157" rain_b="0.192157" />
 <color value="21" object="crystallaanx_entrance" type="light" r="0.211765" g="0.25098" b="0.392157" rain_r="0.172549" rain_g="0.172549" rain_b="0.196078" />
 <color value="22" object="laanx_entrance" type="ambient" r="0.288235" g="0.192157" b="0.205882" rain_r="0.288235" rain_g="0.192157" rain_b="0.192157" />
 <color value="22" object="crystallaanx_entrance" type="light" r="0.172549" g="0.243137" b="0.384314" rain_r="0.164706" rain_g="0.172549" rain_b="0.188235" />
 <color value="23" object="laanx_entrance" type="ambient" r="0.288235" g="0.192157" b="0.192157" rain_r="0.288235" rain_g="0.192157" rain_b="0.192157" />
 <color value="23" object="crystallaanx_entrance" type="light" r="0.172549" g="0.243137" b="0.384314" rain_r="0.164706" rain_g="0.172549" rain_b="0.188235" />
 <color value="0" object="laanx_main" type="ambient" r="0.288235" g="0.192157" b="0.192157" rain_r="0.288235" rain_g="0.192157" rain_b="0.192157" />
 <color value="1" object="laanx_main" type="ambient" r="0.288235" g="0.192157" b="0.205882" rain_r="0.288235" rain_g="0.192157" rain_b="0.192157" />
 <color value="2" object="laanx_main" type="ambient" r="0.288235" g="0.192157" b="0.192157" rain_r="0.288235" rain_g="0.192157" rain_b="0.192157" />
 <color value="3" object="laanx_main" type="ambient" r="0.288235" g="0.192157" b="0.205882" rain_r="0.288235" rain_g="0.192157" rain_b="0.192157" />
 <color value="4" object="laanx_main" type="ambient" r="0.288235" g="0.192157" b="0.192157" rain_r="0.288235" rain_g="0.192157" rain_b="0.192157" />
 <color value="5" object="laanx_main" type="ambient" r="0.288235" g="0.192157" b="0.205882" rain_r="0.288235" rain_g="0.192157" rain_b="0.192157" />
 <color value="6" object="laanx_main" type="ambient" r="0.288235" g="0.192157" b="0.192157" rain_r="0.288235" rain_g="0.192157" rain_b="0.192157" />
 <color value="7" object="laanx_main" type="ambient" r="0.288235" g="0.192157" b="0.205882" rain_r="0.288235" rain_g="0.192157" rain_b="0.192157" />
 <color value="8" object="laanx_main" type="ambient" r="0.288235" g="0.192157" b="0.192157" rain_r="0.288235" rain_g="0.192157" rain_b="0.192157" />
 <color value="9" object="laanx_main" type="ambient" r="0.288235" g="0.192157" b="0.205882" rain_r="0.288235" rain_g="0.192157" rain_b="0.192157" />
 <color value="10" object="laanx_main" type="ambient" r="0.288235" g="0.192157" b="0.192157" rain_r="0.288235" rain_g="0.192157" rain_b="0.192157" />
 <color value="11" object="laanx_main" type="ambient" r="0.288235" g="0.192157" b="0.205882" rain_r="0.288235" rain_g="0.192157" rain_b="0.192157" />
 <color value="12" object="laanx_main" type="ambient" r="0.288235" g="0.192157" b="0.192157" rain_r="0.288235" rain_g="0.192157" rain_b="0.192157" />
 <color value="13" object="laanx_main" type="ambient" r="0.288235" g="0.192157" b="0.205882" rain_r="0.288235" rain_g="0.192157" rain_b="0.192157" />
 <color value="14" object="laanx_main" type="ambient" r="0.288235" g="0.192157" b="0.192157" rain_r="0.288235" rain_g="0.192157" rain_b="0.192157" />
 <color value="15" object="laanx_main" type="ambient" r="0.288235" g="0.192157" b="0.205882" rain_r="0.288235" rain_g="0.192157" rain_b="0.192157" />
 <color value="16" object="laanx_main" type="ambient" r="0.288235" g="0.192157" b="0.192157" rain_r="0.288235" rain_g="0.192157" rain_b="0.192157" />
 <color value="17" object="laanx_main" type="ambient" r="0.288235" g="0.192157" b="0.192157" rain_r="0.288235" rain_g="0.192157" rain_b="0.192157" />
 <color value="18" object="laanx_main" type="ambient" r="0.288235" g="0.192157" b="0.205882" rain_r="0.288235" rain_g="0.192157" rain_b="0.192157" />
 <color value="19" object="laanx_main" type="ambient" r="0.288235" g="0.192157" b="0.192157" rain_r="0.288235" rain_g="0.192157" rain_b="0.192157" />
 <color value="20" object="laanx_main" type="ambient" r="0.288235" g="0.192157" b="0.205882" rain_r="0.288235" rain_g="0.192157" rain_b="0.192157" />
 <color value="21" object="laanx_main" type="ambient" r="0.288235" g="0.192157" b="0.192157" rain_r="0.288235" rain_g="0.192157" rain_b="0.192157" />
 <color value="22" object="laanx_main" type="ambient" r="0.288235" g="0.192157" b="0.205882" rain_r="0.288235" rain_g="0.192157" rain_b="0.192157" />
 <color value="23" object="laanx_main" type="ambient" r="0.288235" g="0.192157" b="0.192157" rain_r="0.288235" rain_g="0.192157" rain_b="0.192157" />
 <color value="0" object="laanx_well" type="ambient" r="0.288235" g="0.192157" b="0.192157" rain_r="0.288235" rain_g="0.192157" rain_b="0.192157" />
 <color value="1" object="laanx_well" type="ambient" r="0.288235" g="0.192157" b="0.205882" rain_r="0.288235" rain_g="0.192157" rain_b="0.192157" />
 <color value="2" object="laanx_well" type="ambient" r="0.288235" g="0.192157" b="0.192157" rain_r="0.288235" rain_g="0.192157" rain_b="0.192157" />
 <color value="3" object="laanx_well" type="ambient" r="0.288235" g="0.192157" b="0.205882" rain_r="0.288235" rain_g="0.192157" rain_b="0.192157" />
 <color value="4" object="laanx_well" type="ambient" r="0.288235" g="0.192157" b="0.192157" rain_r="0.288235" rain_g="0.192157" rain_b="0.192157" />
 <color value="5" object="laanx_well" type="ambient" r="0.288235" g="0.192157" b="0.205882" rain_r="0.288235" rain_g="0.192157" rain_b="0.192157" />
 <color value="6" object="laanx_well" type="ambient" r="0.288235" g="0.192157" b="0.192157" rain_r="0.288235" rain_g="0.192157" rain_b="0.192157" />
 <color value="7" object="laanx_well" type="ambient" r="0.288235" g="0.192157" b="0.205882" rain_r="0.288235" rain_g="0.192157" rain_b="0.192157" />
 <color value="8" object="laanx_well" type="ambient" r="0.288235" g="0.192157" b="0.192157" rain_r="0.288235" rain_g="0.192157" rain_b="0.192157" />
 <color value="9" object="laanx_well" type="ambient" r="0.288235" g="0.192157" b="0.205882" rain_r="0.288235" rain_g="0.192157" rain_b="0.192157" />
 <color value="10" object="laanx_well" type="ambient" r="0.288235" g="0.192157" b="0.192157" rain_r="0.288235" rain_g="0.192157" rain_b="0.192157" />
 <color value="11" object="laanx_well" type="ambient" r="0.288235" g="0.192157" b="0.205882" rain_r="0.288235" rain_g="0.192157" rain_b="0.192157" />
 <color value="12" object="laanx_well" type="ambient" r="0.288235" g="0.192157" b="0.192157" rain_r="0.288235" rain_g="0.192157" rain_b="0.192157" />
 <color value="13" object="laanx_well" type="ambient" r="0.288235" g="0.192157" b="0.205882" rain_r="0.288235" rain_g="0.192157" rain_b="0.192157" />
 <color value="14" object="laanx_well" type="ambient" r="0.288235" g="0.192157" b="0.192157" rain_r="0.288235" rain_g="0.192157" rain_b="0.192157" />
 <color value="15" object="laanx_well" type="ambient" r="0.288235" g="0.192157" b="0.205882" rain_r="0.288235" rain_g="0.192157" rain_b="0.192157" />
 <color value="16" object="laanx_well" type="ambient" r="0.288235" g="0.192157" b="0.192157" rain_r="0.288235" rain_g="0.192157" rain_b="0.192157" />
 <color value="17" object="laanx_well" type="ambient" r="0.288235" g="0.192157" b="0.192157" rain_r="0.288235" rain_g="0.192157" rain_b="0.192157" />
 <color value="18" object="laanx_well" type="ambient" r="0.288235" g="0.192157" b="0.205882" rain_r="0.288235" rain_g="0.192157" rain_b="0.192157" />
 <color value="19" object="laanx_well" type="ambient" r="0.288235" g="0.192157" b="0.192157" rain_r="0.288235" rain_g="0.192157" rain_b="0.192157" />
 <color value="20" object="laanx_well" type="ambient" r="0.288235" g="0.192157" b="0.205882" rain_r="0.288235" rain_g="0.192157" rain_b="0.192157" />
 <color value="21" object="laanx_well" type="ambient" r="0.288235" g="0.192157" b="0.192157" rain_r="0.288235" rain_g="0.192157" rain_b="0.192157" />
 <color value="22" object="laanx_well" type="ambient" r="0.288235" g="0.192157" b="0.205882" rain_r="0.288235" rain_g="0.192157" rain_b="0.192157" />
 <color value="23" object="laanx_well" type="ambient" r="0.288235" g="0.192157" b="0.192157" rain_r="0.288235" rain_g="0.192157" rain_b="0.192157" />
 <color value="0" object="Omni35hydlaa_plaza" type="light" r="0.996078" g="0.556863" b="0.364706" rain_r="0.996078" rain_g="0.556863" rain_b="0.364706" />
 <color value="0" object="Omni36hydlaa_plaza" type="light" r="0.996078" g="0.556863" b="0.364706" rain_r="0.996078" rain_g="0.556863" rain_b="0.364706" />
 <color value="0" object="Omni37hydlaa_plaza" type="light" r="0.996078" g="0.556863" b="0.364706" rain_r="0.996078" rain_g="0.556863" rain_b="0.364706" />
 <color value="0" object="Omni38hydlaa_plaza" type="light" r="0.996078" g="0.556863" b="0.364706" rain_r="0.996078" rain_g="0.556863" rain_b="0.364706" />
 <color value="0" object="Omni39hydlaa_plaza" type="light" r="0.996078" g="0.556863" b="0.364706" rain_r="0.996078" rain_g="0.556863" rain_b="0.364706" />
 <color value="0" object="Omni40hydlaa_plaza" type="light" r="0.996078" g="0.556863" b="0.364706" rain_r="0.996078" rain_g="0.556863" rain_b="0.364706" />
 <color value="0" object="Omni41hydlaa_plaza" type="light" r="0.996078" g="0.556863" b="0.364706" rain_r="0.996078" rain_g="0.556863" rain_b="0.364706" />
 <color value="0" object="Omni42hydlaa_plaza" type="light" r="0.996078" g="0.556863" b="0.364706" rain_r="0.996078" rain_g="0.556863" rain_b="0.364706" />
 <color value="0" object="crystalhydlaa_plaza" type="light" r="0.211765" g="0.254902" b="0.34902" rain_r="0.165067" rain_g="0.170336" rain_b="0.186141" />
 <color value="0" object="hydlaa_plaza" type="ambient" r="0.172549" g="0.243137" b="0.384314" rain_r="0.164706" rain_g="0.172549" rain_b="0.188235" />
 <color value="1" object="Omni35hydlaa_plaza" type="light" r="0.996078" g="0.556863" b="0.364706" rain_r="0.996078" rain_g="0.556863" rain_b="0.364706" />
 <color value="1" object="Omni36hydlaa_plaza" type="light" r="0.996078" g="0.556863" b="0.364706" rain_r="0.996078" rain_g="0.556863" rain_b="0.364706" />
 <color value="1" object="Omni37hydlaa_plaza" type="light" r="0.996078" g="0.556863" b="0.364706" rain_r="0.996078" rain_g="0.556863" rain_b="0.364706" />
 <color value="1" object="Omni38hydlaa_plaza" type="light" r="0.996078" g="0.556863" b="0.364706" rain_r="0.996078" rain_g="0.556863" rain_b="0.364706" />
 <color value="1" object="Omni39hydlaa_plaza" type="light" r="0.996078" g="0.556863" b="0.364706" rain_r="0.996078" rain_g="0.556863" rain_b="0.364706" />
 <color value="1" object="Omni40hydlaa_plaza" type="light" r="0.996078" g="0.556863" b="0.364706" rain_r="0.996078" rain_g="0.556863" rain_b="0.364706" />
 <color value="1" object="Omni41hydlaa_plaza" type="light" r="0.996078" g="0.556863" b="0.364706" rain_r="0.996078" rain_g="0.556863" rain_b="0.364706" />
 <color value="1" object="Omni42hydlaa_plaza" type="light" r="0.996078" g="0.556863" b="0.364706" rain_r="0.996078" rain_g="0.556863" rain_b="0.364706" />
 <color value="1" object="crystalhydlaa_plaza" type="light" r="0.211765" g="0.254902" b="0.34902" rain_r="0.165067" rain_g="0.170336" rain_b="0.186141" />
 <color value="1" object="hydlaa_plaza" type="ambient" r="0.172549" g="0.243137" b="0.384314" rain_r="0.164706" rain_g="0.172549" rain_b="0.188235" />
 <color value="2" object="Omni35hydlaa_plaza" type="light" r="0.996078" g="0.556863" b="0.364706" rain_r="0.996078" rain_g="0.556863" rain_b="0.364706" />
 <color value="2" object="Omni36hydlaa_plaza" type="light" r="0.996078" g="0.556863" b="0.364706" rain_r="0.996078" rain_g="0.556863" rain_b="0.364706" />
 <color value="2" object="Omni37hydlaa_plaza" type="light" r="0.996078" g="0.556863" b="0.364706" rain_r="0.996078" rain_g="0.556863" rain_b="0.364706" />
 <color value="2" object="Omni38hydlaa_plaza" type="light" r="0.996078" g="0.556863" b="0.364706" rain_r="0.996078" rain_g="0.556863" rain_b="0.364706" />
 <color value="2" object="Omni39hydlaa_plaza" type="light" r="0.996078" g="0.556863" b="0.364706" rain_r="0.996078" rain_g="0.556863" rain_b="0.364706" />
 <color value="2" object="Omni40hydlaa_plaza" type="light" r="0.996078" g="0.556863" b="0.364706" rain_r="0.996078" rain_g="0.556863" rain_b="0.364706" />
 <color value="2" object="Omni41hydlaa_plaza" type="light" r="0.996078" g="0.556863" b="0.364706" rain_r="0.996078" rain_g="0.556863" rain_b="0.364706" />
 <color value="2" object="Omni42hydlaa_plaza" type="light" r="0.996078" g="0.556863" b="0.364706" rain_r="0.996078" rain_g="0.556863" rain_b="0.364706" />
 <color value="2" object="crystalhydlaa_plaza" type="light" r="0.211765" g="0.254902" b="0.34902" rain_r="0.165067" rain_g="0.170336" rain_b="0.186141" />
 <color value="2" object="hydlaa_plaza" type="ambient" r="0.172549" g="0.243137" b="0.384314" rain_r="0.164706" rain_g="0.172549" rain_b="0.188235" />
 <color value="3" object="Omni35hydlaa_plaza" type="light" r="0.996078" g="0.556863" b="0.364706" rain_r="0.996078" rain_g="0.556863" rain_b="0.364706" />
 <color value="3" object="Omni36hydlaa_plaza" type="light" r="0.996078" g="0.556863" b="0.364706" rain_r="0.996078" rain_g="0.556863" rain_b="0.364706" />
 <color value="3" object="Omni37hydlaa_plaza" type="light" r="0.996078" g="0.556863" b="0.364706" rain_r="0.996078" rain_g="0.556863" rain_b="0.364706" />
 <color value="3" object="Omni38hydlaa_plaza" type="light" r="0.996078" g="0.556863" b="0.364706" rain_r="0.996078" rain_g="0.556863" rain_b="0.364706" />
 <color value="3" object="Omni39hydlaa_plaza" type="light" r="0.996078" g="0.556863" b="0.364706" rain_r="0.996078" rain_g="0.556863" rain_b="0.364706" />
 <color value="3" object="Omni40hydlaa_plaza" type="light" r="0.996078" g="0.556863" b="0.364706" rain_r="0.996078" rain_g="0.556863" rain_b="0.364706" />
 <color value="3" object="Omni41hydlaa_plaza" type="light" r="0.996078" g="0.556863" b="0.364706" rain_r="0.996078" rain_g="0.556863" rain_b="0.364706" />
 <color value="3" object="Omni42hydlaa_plaza" type="light" r="0.996078" g="0.556863" b="0.364706" rain_r="0.996078" rain_g="0.556863" rain_b="0.364706" />
 <color value="3" object="crystalhydlaa_plaza" type="light" r="0.211765" g="0.254902" b="0.34902" rain_r="0.165067" rain_g="0.170336" rain_b="0.186141" />
 <color value="3" object="hydlaa_plaza" type="ambient" r="0.172549" g="0.243137" b="0.384314" rain_r="0.164706" rain_g="0.172549" rain_b="0.188235" />
 <color value="4" object="Omni35hydlaa_plaza" type="light" r="0.996078" g="0.556863" b="0.364706" rain_r="0.996078" rain_g="0.556863" rain_b="0.364706" />
 <color value="4" object="Omni36hydlaa_plaza" type="light" r="0.996078" g="0.556863" b="0.364706" rain_r="0.996078" rain_g="0.556863" rain_b="0.364706" />
 <color value="4" object="Omni37hydlaa_plaza" type="light" r="0.996078" g="0.556863" b="0.364706" rain_r="0.996078" rain_g="0.556863" rain_b="0.364706" />
 <color value="4" object="Omni38hydlaa_plaza" type="light" r="0.996078" g="0.556863" b="0.364706" rain_r="0.996078" rain_g="0.556863" rain_b="0.364706" />
 <color value="4" object="Omni39hydlaa_plaza" type="light" r="0.996078" g="0.556863" b="0.364706" rain_r="0.996078" rain_g="0.556863" rain_b="0.364706" />
 <color value="4" object="Omni40hydlaa_plaza" type="light" r="0.996078" g="0.556863" b="0.364706" rain_r="0.996078" rain_g="0.556863" rain_b="0.364706" />
 <color value="4" object="Omni41hydlaa_plaza" type="light" r="0.996078" g="0.556863" b="0.364706" rain_r="0.996078" rain_g="0.556863" rain_b="0.364706" />
 <color value="4" object="Omni42hydlaa_plaza" type="light" r="0.996078" g="0.556863" b="0.364706" rain_r="0.996078" rain_g="0.556863" rain_b="0.364706" />
 <color value="4" object="crystalhydlaa_plaza" type="light" r="0.211765" g="0.254902" b="0.34902" rain_r="0.165067" rain_g="0.170336" rain_b="0.186141" />
 <color value="4" object="hydlaa_plaza" type="ambient" r="0.172549" g="0.243137" b="0.384314" rain_r="0.164706" rain_g="0.172549" rain_b="0.188235" />
 <color value="5" object="Omni35hydlaa_plaza" type="light" r="0.996078" g="0.556863" b="0.364706" rain_r="0.996078" rain_g="0.556863" rain_b="0.364706" />
 <color value="5" object="Omni36hydlaa_plaza" type="light" r="0.996078" g="0.556863" b="0.364706" rain_r="0.996078" rain_g="0.556863" rain_b="0.364706" />
 <color value="5" object="Omni37hydlaa_plaza" type="light" r="0.996078" g="0.556863" b="0.364706" rain_r="0.996078" rain_g="0.556863" rain_b="0.364706" />
 <color value="5" object="Omni38hydlaa_plaza" type="light" r="0.996078" g="0.556863" b="0.364706" rain_r="0.996078" rain_g="0.556863" rain_b="0.364706" />
 <color value="5" object="Omni39hydlaa_plaza" type="light" r="0.996078" g="0.556863" b="0.364706" rain_r="0.996078" rain_g="0.556863" rain_b="0.364706" />
 <color value="5" object="Omni40hydlaa_plaza" type="light" r="0.996078" g="0.556863" b="0.364706" rain_r="0.996078" rain_g="0.556863" rain_b="0.364706" />
 <color value="5" object="Omni41hydlaa_plaza" type="light" r="0.996078" g="0.556863" b="0.364706" rain_r="0.996078" rain_g="0.556863" rain_b="0.364706" />
 <color value="5" object="Omni42hydlaa_plaza" type="light" r="0.996078" g="0.556863" b="0.364706" rain_r="0.996078" rain_g="0.556863" rain_b="0.364706" />
 <color value="5" object="crystalhydlaa_plaza" type="light" r="0.211765" g="0.254902" b="0.34902" rain_r="0.165067" rain_g="0.170336" rain_b="0.186141" />
 <color value="5" object="hydlaa_plaza" type="ambient" r="0.180392" g="0.25098" b="0.392157" rain_r="0.164706" rain_g="0.172549" rain_b="0.196078" />
 <color value="6" object="Omni35hydlaa_plaza" type="light" r="0.0" g="0.0" b="0.0" rain_r="0.996078" rain_g="0.556863" rain_b="0.364706" />
 <color value="6" object="Omni36hydlaa_plaza" type="light" r="0.0" g="0.0" b="0.0" rain_r="0.996078" rain_g="0.556863" rain_b="0.364706" />
 <color value="6" object="Omni37hydlaa_plaza" type="light" r="0.0" g="0.0" b="0.0" rain_r="0.996078" rain_g="0.556863" rain_b="0.364706" />
 <color value="6" object="Omni38hydlaa_plaza" type="light" r="0.0" g="0.0" b="0.0" rain_r="0.996078" rain_g="0.556863" rain_b="0.364706" />
 <color value="6" object="Omni39hydlaa_plaza" type="light" r="0.0" g="0.0" b="0.0" rain_r="0.996078" rain_g="0.556863" rain_b="0.364706" />
 <color value="6" object="Omni40hydlaa_plaza" type="light" r="0.0" g="0.0" b="0.0" rain_r="0.996078" rain_g="0.556863" rain_b="0.364706" />
 <color value="6" object="Omni41hydlaa_plaza" type="light" r="0.0" g="0.0" b="0.0" rain_r="0.996078" rain_g="0.556863" rain_b="0.364706" />
 <color value="6" object="Omni42hydlaa_plaza" type="light" r="0.0" g="0.0" b="0.0" rain_r="0.996078" rain_g="0.556863" rain_b="0.364706" />
 <color value="6" object="crystalhydlaa_plaza" type="light" r="0.27451" g="0.290196" b="0.333333" rain_r="0.165067" rain_g="0.170336" rain_b="0.175604" />
 <color value="6" object="hydlaa_plaza" type="ambient" r="0.211765" g="0.290196" b="0.423529" rain_r="0.180392" rain_g="0.188235" rain_b="0.211765" />
 <color value="7" object="Omni35hydlaa_plaza" type="light" r="0.0" g="0.0" b="0.0" rain_r="0.996078" rain_g="0.556863" rain_b="0.364706" />
 <color value="7" object="Omni36hydlaa_plaza" type="light" r="0.0" g="0.0" b="0.0" rain_r="0.996078" rain_g="0.556863" rain_b="0.364706" />
 <color value="7" object="Omni37hydlaa_plaza" type="light" r="0.0" g="0.0" b="0.0" rain_r="0.996078" rain_g="0.556863" rain_b="0.364706" />
 <color value="7" object="Omni38hydlaa_plaza" type="light" r="0.0" g="0.0" b="0.0" rain_r="0.996078" rain_g="0.556863" rain_b="0.364706" />
 <color value="7" object="Omni39hydlaa_plaza" type="light" r="0.0" g="0.0" b="0.0" rain_r="0.996078" rain_g="0.556863" rain_b="0.364706" />
 <color value="7" object="Omni40hydlaa_plaza" type="light" r="0.0" g="0.0" b="0.0" rain_r="0.996078" rain_g="0.556863" rain_b="0.364706" />
 <color value="7" object="Omni41hydlaa_plaza" type="light" r="0.0" g="0.0" b="0.0" rain_r="0.996078" rain_g="0.556863" rain_b="0.364706" />
 <color value="7" object="Omni42hydlaa_plaza" type="light" r="0.0" g="0.0" b="0.0" rain_r="0.996078" rain_g="0.556863" rain_b="0.364706" />
 <color value="7" object="crystalhydlaa_plaza" type="light" r="0.407843" g="0.368627" b="0.317647" rain_r="0.207214" rain_g="0.196678" rain_b="0.191409" />
 <color value="7" object="hydlaa_plaza" type="ambient" r="0.321569" g="0.407843" b="0.517647" rain_r="0.211765" rain_g="0.235294" rain_b="0.258824" />
 <color value="8" object="Omni35hydlaa_plaza" type="light" r="0.0" g="0.0" b="0.0" rain_r="0.996078" rain_g="0.556863" rain_b="0.364706" />
 <color value="8" object="Omni36hydlaa_plaza" type="light" r="0.0" g="0.0" b="0.0" rain_r="0.996078" rain_g="0.556863" rain_b="0.364706" />
 <color value="8" object="Omni37hydlaa_plaza" type="light" r="0.0" g="0.0" b="0.0" rain_r="0.996078" rain_g="0.556863" rain_b="0.364706" />
 <color value="8" object="Omni38hydlaa_plaza" type="light" r="0.0" g="0.0" b="0.0" rain_r="0.996078" rain_g="0.556863" rain_b="0.364706" />
 <color value="8" object="Omni39hydlaa_plaza" type="light" r="0.0" g="0.0" b="0.0" rain_r="0.996078" rain_g="0.556863" rain_b="0.364706" />
 <color value="8" object="Omni40hydlaa_plaza" type="light" r="0.0" g="0.0" b="0.0" rain_r="0.996078" rain_g="0.556863" rain_b="0.364706" />
 <color value="8" object="Omni41hydlaa_plaza" type="light" r="0.0" g="0.0" b="0.0" rain_r="0.996078" rain_g="0.556863" rain_b="0.364706" />
 <color value="8" object="Omni42hydlaa_plaza" type="light" r="0.0" g="0.0" b="0.0" rain_r="0.996078" rain_g="0.556863" rain_b="0.364706" />
 <color value="8" object="crystalhydlaa_plaza" type="light" r="0.603922" g="0.537255" b="0.427451" rain_r="0.296777" rain_g="0.280972" rain_b="0.259898" />
 <color value="8" object="hydlaa_plaza" type="ambient" r="0.4" g="0.52549" b="0.658824" rain_r="0.266667" rain_g="0.298039" rain_b="0.329412" />
 <color value="9" object="Omni35hydlaa_plaza" type="light" r="0.0" g="0.0" b="0.0" rain_r="0.996078" rain_g="0.556863" rain_b="0.364706" />
 <color value="9" object="Omni36hydlaa_plaza" type="light" r="0.0" g="0.0" b="0.0" rain_r="0.996078" rain_g="0.556863" rain_b="0.364706" />
 <color value="9" object="Omni37hydlaa_plaza" type="light" r="0.0" g="0.0" b="0.0" rain_r="0.996078" rain_g="0.556863" rain_b="0.364706" />
 <color value="9" object="Omni38hydlaa_plaza" type="light" r="0.0" g="0.0" b="0.0" rain_r="0.996078" rain_g="0.556863" rain_b="0.364706" />
 <color value="9" object="Omni39hydlaa_plaza" type="light" r="0.0" g="0.0" b="0.0" rain_r="0.996078" rain_g="0.556863" rain_b="0.364706" />
 <color value="9" object="Omni40hydlaa_plaza" type="light" r="0.0" g="0.0" b="0.0" rain_r="0.996078" rain_g="0.556863" rain_b="0.364706" />
 <color value="9" object="Omni41hydlaa_plaza" type="light" r="0.0" g="0.0" b="0.0" rain_r="0.996078" rain_g="0.556863" rain_b="0.364706" />
 <color value="9" object="Omni42hydlaa_plaza" type="light" r="0.0" g="0.0" b="0.0" rain_r="0.996078" rain_g="0.556863" rain_b="0.364706" />
 <color value="9" object="crystalhydlaa_plaza" type="light" r="0.8" g="0.72549" b="0.596078" rain_r="0.381071" rain_g="0.365265" rain_b="0.333655" />
 <color value="9" object="hydlaa_plaza" type="ambient" r="0.431373" g="0.580392" b="0.784314" rain_r="0.305882" rain_g="0.345098" rain_b="0.392157" />
 <color value="10" object="Omni35hydlaa_plaza" type="light" r="0.0" g="0.0" b="0.0" rain_r="0.996078" rain_g="0.556863" rain_b="0.364706" />
 <color value="10" object="Omni36hydlaa_plaza" type="light" r="0.0" g="0.0" b="0.0" rain_r="0.996078" rain_g="0.556863" rain_b="0.364706" />
 <color value="10" object="Omni37hydlaa_plaza" type="light" r="0.0" g="0.0" b="0.0" rain_r="0.996078" rain_g="0.556863" rain_b="0.364706" />
 <color value="10" object="Omni38hydlaa_plaza" type="light" r="0.0" g="0.0" b="0.0" rain_r="0.996078" rain_g="0.556863" rain_b="0.364706" />
 <color value="10" object="Omni39hydlaa_plaza" type="light" r="0.0" g="0.0" b="0.0" rain_r="0.996078" rain_g="0.556863" rain_b="0.364706" />
 <color value="10" object="Omni40hydlaa_plaza" type="light" r="0.0" g="0.0" b="0.0" rain_r="0.996078" rain_g="0.556863" rain_b="0.364706" />
 <color value="10" object="Omni41hydlaa_plaza" type="light" r="0.0" g="0.0" b="0.0" rain_r="0.996078" rain_g="0.556863" rain_b="0.364706" />
 <color value="10" object="Omni42hydlaa_plaza" type="light" r="0.0" g="0.0" b="0.0" rain_r="0.996078" rain_g="0.556863" rain_b="0.364706" />
 <color value="10" object="crystalhydlaa_plaza" type="light" r="0.909804" g="0.839216" b="0.713726" rain_r="0.433754" rain_g="0.417949" rain_b="0.391607" />
 <color value="10" object="hydlaa_plaza" type="ambient" r="0.447059" g="0.603922" b="0.847059" rain_r="0.321569" rain_g="0.360784" rain_b="0.423529" />
 <color value="11" object="Omni35hydlaa_plaza" type="light" r="0.0" g="0.0" b="0.0" rain_r="0.996078" rain_g="0.556863" rain_b="0.364706" />
 <color value="11" object="Omni36hydlaa_plaza" type="light" r="0.0" g="0.0" b="0.0" rain_r="0.996078" rain_g="0.556863" rain_b="0.364706" />
 <color value="11" object="Omni37hydlaa_plaza" type="light" r="0.0" g="0.0" b="0.0" rain_r="0.996078" rain_g="0.556863" rain_b="0.364706" />
 <color value="11" object="Omni38hydlaa_plaza" type="light" r="0.0" g="0.0" b="0.0" rain_r="0.996078" rain_g="0.556863" rain_b="0.364706" />
 <color value="11" object="Omni39hydlaa_plaza" type="light" r="0.0" g="0.0" b="0.0" rain_r="0.996078" rain_g="0.556863" rain_b="0.364706" />
 <color value="11" object="Omni40hydlaa_plaza" type="light" r="0.0" g="0.0" b="0.0" rain_r="0.996078" rain_g="0.556863" rain_b="0.364706" />
 <color value="11" object="Omni41hydlaa_plaza" type="light" r="0.0" g="0.0" b="0.0" rain_r="0.996078" rain_g="0.556863" rain_b="0.364706" />
 <color value="11" object="Omni42hydlaa_plaza" type="light" r="0.0" g="0.0" b="0.0" rain_r="0.996078" rain_g="0.556863" rain_b="0.364706" />
 <color value="11" object="crystalhydlaa_plaza" type="light" r="0.972549" g="0.901961" b="0.8" rain_r="0.460096" rain_g="0.444291" rain_b="0.423218" />
 <color value="11" object="hydlaa_plaza" type="ambient" r="0.447059" g="0.611765" b="0.870588" rain_r="0.329412" rain_g="0.368627" rain_b="0.431373" />
 <color value="12" object="Omni35hydlaa_plaza" type="light" r="0.0" g="0.0" b="0.0" rain_r="0.996078" rain_g="0.556863" rain_b="0.364706" />
 <color value="12" object="Omni36hydlaa_plaza" type="light" r="0.0" g="0.0" b="0.0" rain_r="0.996078" rain_g="0.556863" rain_b="0.364706" />
 <color value="12" object="Omni37hydlaa_plaza" type="light" r="0.0" g="0.0" b="0.0" rain_r="0.996078" rain_g="0.556863" rain_b="0.364706" />
 <color value="12" object="Omni38hydlaa_plaza" type="light" r="0.0" g="0.0" b="0.0" rain_r="0.996078" rain_g="0.556863" rain_b="0.364706" />
 <color value="12" object="Omni39hydlaa_plaza" type="light" r="0.0" g="0.0" b="0.0" rain_r="0.996078" rain_g="0.556863" rain_b="0.364706" />
 <color value="12" object="Omni40hydlaa_plaza" type="light" r="0.0" g="0.0" b="0.0" rain_r="0.996078" rain_g="0.556863" rain_b="0.364706" />
 <color value="12" object="Omni41hydlaa_plaza" type="light" r="0.0" g="0.0" b="0.0" rain_r="0.996078" rain_g="0.556863" rain_b="0.364706" />
 <color value="12" object="Omni42hydlaa_plaza" type="light" r="0.0" g="0.0" b="0.0" rain_r="0.996078" rain_g="0.556863" rain_b="0.364706" />
 <color value="12" object="crystalhydlaa_plaza" type="light" r="1.0" g="0.937255" b="0.847059" rain_r="0.470633" rain_g="0.460096" rain_b="0.439023" />
 <color value="12" object="hydlaa_plaza" type="ambient" r="0.454902" g="0.611765" b="0.886275" rain_r="0.329412" rain_g="0.368627" rain_b="0.439216" />
 <color value="13" object="Omni35hydlaa_plaza" type="light" r="0.0" g="0.0" b="0.0" rain_r="0.996078" rain_g="0.556863" rain_b="0.364706" />
 <color value="13" object="Omni36hydlaa_plaza" type="light" r="0.0" g="0.0" b="0.0" rain_r="0.996078" rain_g="0.556863" rain_b="0.364706" />
 <color value="13" object="Omni37hydlaa_plaza" type="light" r="0.0" g="0.0" b="0.0" rain_r="0.996078" rain_g="0.556863" rain_b="0.364706" />
 <color value="13" object="Omni38hydlaa_plaza" type="light" r="0.0" g="0.0" b="0.0" rain_r="0.996078" rain_g="0.556863" rain_b="0.364706" />
 <color value="13" object="Omni39hydlaa_plaza" type="light" r="0.0" g="0.0" b="0.0" rain_r="0.996078" rain_g="0.556863" rain_b="0.364706" />
 <color value="13" object="Omni40hydlaa_plaza" type="light" r="0.0" g="0.0" b="0.0" rain_r="0.996078" rain_g="0.556863" rain_b="0.364706" />
 <color value="13" object="Omni41hydlaa_plaza" type="light" r="0.0" g="0.0" b="0.0" rain_r="0.996078" rain_g="0.556863" rain_b="0.364706" />
 <color value="13" object="Omni42hydlaa_plaza" type="light" r="0.0" g="0.0" b="0.0" rain_r="0.996078" rain_g="0.556863" rain_b="0.364706" />
 <color value="13" object="crystalhydlaa_plaza" type="light" r="1.0" g="0.921569" b="0.792157" rain_r="0.470633" rain_g="0.454828" rain_b="0.433754" />
 <color value="13" object="hydlaa_plaza" type="ambient" r="0.470588" g="0.611765" b="0.878431" rain_r="0.337255" rain_g="0.376471" rain_b="0.439216" />
 <color value="14" object="Omni35hydlaa_plaza" type="light" r="0.0" g="0.0" b="0.0" rain_r="0.996078" rain_g="0.556863" rain_b="0.364706" />
 <color value="14" object="Omni36hydlaa_plaza" type="light" r="0.0" g="0.0" b="0.0" rain_r="0.996078" rain_g="0.556863" rain_b="0.364706" />
 <color value="14" object="Omni37hydlaa_plaza" type="light" r="0.0" g="0.0" b="0.0" rain_r="0.996078" rain_g="0.556863" rain_b="0.364706" />
 <color value="14" object="Omni38hydlaa_plaza" type="light" r="0.0" g="0.0" b="0.0" rain_r="0.996078" rain_g="0.556863" rain_b="0.364706" />
 <color value="14" object="Omni39hydlaa_plaza" type="light" r="0.0" g="0.0" b="0.0" rain_r="0.996078" rain_g="0.556863" rain_b="0.364706" />
 <color value="14" object="Omni40hydlaa_plaza" type="light" r="0.0" g="0.0" b="0.0" rain_r="0.996078" rain_g="0.556863" rain_b="0.364706" />
 <color value="14" object="Omni41hydlaa_plaza" type="light" r="0.0" g="0.0" b="0.0" rain_r="0.996078" rain_g="0.556863" rain_b="0.364706" />
 <color value="14" object="Omni42hydlaa_plaza" type="light" r="0.0" g="0.0" b="0.0" rain_r="0.996078" rain_g="0.556863" rain_b="0.364706" />
 <color value="14" object="crystalhydlaa_plaza" type="light" r="0.992157" g="0.862745" b="0.643137" rain_r="0.465365" rain_g="0.444291" rain_b="0.412681" />
 <color value="14" object="hydlaa_plaza" type="ambient" r="0.494118" g="0.603922" b="0.862745" rain_r="0.337255" rain_g="0.368627" rain_b="0.431373" />
 <color value="15" object="Omni35hydlaa_plaza" type="light" r="0.0" g="0.0" b="0.0" rain_r="0.996078" rain_g="0.556863" rain_b="0.364706" />
 <color value="15" object="Omni36hydlaa_plaza" type="light" r="0.0" g="0.0" b="0.0" rain_r="0.996078" rain_g="0.556863" rain_b="0.364706" />
 <color value="15" object="Omni37hydlaa_plaza" type="light" r="0.0" g="0.0" b="0.0" rain_r="0.996078" rain_g="0.556863" rain_b="0.364706" />
 <color value="15" object="Omni38hydlaa_plaza" type="light" r="0.0" g="0.0" b="0.0" rain_r="0.996078" rain_g="0.556863" rain_b="0.364706" />
 <color value="15" object="Omni39hydlaa_plaza" type="light" r="0.0" g="0.0" b="0.0" rain_r="0.996078" rain_g="0.556863" rain_b="0.364706" />
 <color value="15" object="Omni40hydlaa_plaza" type="light" r="0.0" g="0.0" b="0.0" rain_r="0.996078" rain_g="0.556863" rain_b="0.364706" />
 <color value="15" object="Omni41hydlaa_plaza" type="light" r="0.0" g="0.0" b="0.0" rain_r="0.996078" rain_g="0.556863" rain_b="0.364706" />
 <color value="15" object="Omni42hydlaa_plaza" type="light" r="0.0" g="0.0" b="0.0" rain_r="0.996078" rain_g="0.556863" rain_b="0.364706" />
 <color value="15" object="crystalhydlaa_plaza" type="light" r="0.952941" g="0.784314" b="0.529412" rain_r="0.449559" rain_g="0.428486" rain_b="0.391607" />
 <color value="15" object="hydlaa_plaza" type="ambient" r="0.517647" g="0.580392" b="0.792157" rain_r="0.329412" rain_g="0.337255" rain_b="0.392157" />
 <color value="16" object="Omni35hydlaa_plaza" type="light" r="0.0" g="0.0" b="0.0" rain_r="0.996078" rain_g="0.556863" rain_b="0.364706" />
 <color value="16" object="Omni36hydlaa_plaza" type="light" r="0.0" g="0.0" b="0.0" rain_r="0.996078" rain_g="0.556863" rain_b="0.364706" />
 <color value="16" object="Omni37hydlaa_plaza" type="light" r="0.0" g="0.0" b="0.0" rain_r="0.996078" rain_g="0.556863" rain_b="0.364706" />
 <color value="16" object="Omni38hydlaa_plaza" type="light" r="0.0" g="0.0" b="0.0" rain_r="0.996078" rain_g="0.556863" rain_b="0.364706" />
 <color value="16" object="Omni39hydlaa_plaza" type="light" r="0.0" g="0.0" b="0.0" rain_r="0.996078" rain_g="0.556863" rain_b="0.364706" />
 <color value="16" object="Omni40hydlaa_plaza" type="light" r="0.0" g="0.0" b="0.0" rain_r="0.996078" rain_g="0.556863" rain_b="0.364706" />
 <color value="16" object="Omni41hydlaa_plaza" type="light" r="0.0" g="0.0" b="0.0" rain_r="0.996078" rain_g="0.556863" rain_b="0.364706" />
 <color value="16" object="Omni42hydlaa_plaza" type="light" r="0.0" g="0.0" b="0.0" rain_r="0.996078" rain_g="0.556863" rain_b="0.364706" />
 <color value="16" object="crystalhydlaa_plaza" type="light" r="0.890196" g="0.686275" b="0.431373" rain_r="0.423218" rain_g="0.396876" rain_b="0.359997" />
 <color value="16" object="hydlaa_plaza" type="ambient" r="0.541176" g="0.541176" b="0.698039" rain_r="0.313726" rain_g="0.313726" rain_b="0.352941" />
 <color value="17" object="Omni35hydlaa_plaza" type="light" r="0.0" g="0.0" b="0.0" rain_r="0.996078" rain_g="0.556863" rain_b="0.364706" />
 <color value="17" object="Omni36hydlaa_plaza" type="light" r="0.0" g="0.0" b="0.0" rain_r="0.996078" rain_g="0.556863" rain_b="0.364706" />
 <color value="17" object="Omni37hydlaa_plaza" type="light" r="0.0" g="0.0" b="0.0" rain_r="0.996078" rain_g="0.556863" rain_b="0.364706" />
 <color value="17" object="Omni38hydlaa_plaza" type="light" r="0.0" g="0.0" b="0.0" rain_r="0.996078" rain_g="0.556863" rain_b="0.364706" />
 <color value="17" object="Omni39hydlaa_plaza" type="light" r="0.0" g="0.0" b="0.0" rain_r="0.996078" rain_g="0.556863" rain_b="0.364706" />
 <color value="17" object="Omni40hydlaa_plaza" type="light" r="0.0" g="0.0" b="0.0" rain_r="0.996078" rain_g="0.556863" rain_b="0.364706" />
 <color value="17" object="Omni41hydlaa_plaza" type="light" r="0.0" g="0.0" b="0.0" rain_r="0.996078" rain_g="0.556863" rain_b="0.364706" />
 <color value="17" object="Omni42hydlaa_plaza" type="light" r="0.0" g="0.0" b="0.0" rain_r="0.996078" rain_g="0.556863" rain_b="0.364706" />
 <color value="17" object="crystalhydlaa_plaza" type="light" r="0.807843" g="0.564706" b="0.352941" rain_r="0.370534" rain_g="0.344192" rain_b="0.31785" />
 <color value="17" object="hydlaa_plaza" type="ambient" r="0.564706" g="0.470588" b="0.588235" rain_r="0.290196" rain_g="0.282353" rain_b="0.313726" />
 <color value="18" object="Omni35hydlaa_plaza" type="light" r="0.0" g="0.0" b="0.0" rain_r="0.996078" rain_g="0.556863" rain_b="0.364706" />
 <color value="18" object="Omni36hydlaa_plaza" type="light" r="0.0" g="0.0" b="0.0" rain_r="0.996078" rain_g="0.556863" rain_b="0.364706" />
 <color value="18" object="Omni37hydlaa_plaza" type="light" r="0.0" g="0.0" b="0.0" rain_r="0.996078" rain_g="0.556863" rain_b="0.364706" />
 <color value="18" object="Omni38hydlaa_plaza" type="light" r="0.0" g="0.0" b="0.0" rain_r="0.996078" rain_g="0.556863" rain_b="0.364706" />
 <color value="18" object="Omni39hydlaa_plaza" type="light" r="0.0" g="0.0" b="0.0" rain_r="0.996078" rain_g="0.556863" rain_b="0.364706" />
 <color value="18" object="Omni40hydlaa_plaza" type="light" r="0.0" g="0.0" b="0.0" rain_r="0.996078" rain_g="0.556863" rain_b="0.364706" />
 <color value="18" object="Omni41hydlaa_plaza" type="light" r="0.0" g="0.0" b="0.0" rain_r="0.996078" rain_g="0.556863" rain_b="0.364706" />
 <color value="18" object="Omni42hydlaa_plaza" type="light" r="0.0" g="0.0" b="0.0" rain_r="0.996078" rain_g="0.556863" rain_b="0.364706" />
 <color value="18" object="crystalhydlaa_plaza" type="light" r="0.698039" g="0.45098" b="0.305882" rain_r="0.312582" rain_g="0.28624" rain_b="0.270435" />
 <color value="18" object="hydlaa_plaza" type="ambient" r="0.588235" g="0.4" b="0.494118" rain_r="0.258824" rain_g="0.243137" rain_b="0.27451" />
 <color value="19" object="Omni35hydlaa_plaza" type="light" r="0.996078" g="0.556863" b="0.364706" rain_r="0.996078" rain_g="0.556863" rain_b="0.364706" />
 <color value="19" object="Omni36hydlaa_plaza" type="light" r="0.996078" g="0.556863" b="0.364706" rain_r="0.996078" rain_g="0.556863" rain_b="0.364706" />
 <color value="19" object="Omni37hydlaa_plaza" type="light" r="0.996078" g="0.556863" b="0.364706" rain_r="0.996078" rain_g="0.556863" rain_b="0.364706" />
 <color value="19" object="Omni38hydlaa_plaza" type="light" r="0.996078" g="0.556863" b="0.364706" rain_r="0.996078" rain_g="0.556863" rain_b="0.364706" />
 <color value="19" object="Omni39hydlaa_plaza" type="light" r="0.996078" g="0.556863" b="0.364706" rain_r="0.996078" rain_g="0.556863" rain_b="0.364706" />
 <color value="19" object="Omni40hydlaa_plaza" type="light" r="0.996078" g="0.556863" b="0.364706" rain_r="0.996078" rain_g="0.556863" rain_b="0.364706" />
 <color value="19" object="Omni41hydlaa_plaza" type="light" r="0.996078" g="0.556863" b="0.364706" rain_r="0.996078" rain_g="0.556863" rain_b="0.364706" />
 <color value="19" object="Omni42hydlaa_plaza" type="light" r="0.996078" g="0.556863" b="0.364706" rain_r="0.996078" rain_g="0.556863" rain_b="0.364706" />
 <color value="19" object="crystalhydlaa_plaza" type="light" r="0.54902" g="0.32549" b="0.32549" rain_r="0.25463" rain_g="0.228288" rain_b="0.228288" />
 <color value="19" object="hydlaa_plaza" type="ambient" r="0.494118" g="0.337255" b="0.447059" rain_r="0.227451" rain_g="0.203922" rain_b="0.235294" />
 <color value="20" object="Omni35hydlaa_plaza" type="light" r="0.996078" g="0.556863" b="0.364706" rain_r="0.996078" rain_g="0.556863" rain_b="0.364706" />
 <color value="20" object="Omni36hydlaa_plaza" type="light" r="0.996078" g="0.556863" b="0.364706" rain_r="0.996078" rain_g="0.556863" rain_b="0.364706" />
 <color value="20" object="Omni37hydlaa_plaza" type="light" r="0.996078" g="0.556863" b="0.364706" rain_r="0.996078" rain_g="0.556863" rain_b="0.364706" />
 <color value="20" object="Omni38hydlaa_plaza" type="light" r="0.996078" g="0.556863" b="0.364706" rain_r="0.996078" rain_g="0.556863" rain_b="0.364706" />
 <color value="20" object="Omni39hydlaa_plaza" type="light" r="0.996078" g="0.556863" b="0.364706" rain_r="0.996078" rain_g="0.556863" rain_b="0.364706" />
 <color value="20" object="Omni40hydlaa_plaza" type="light" r="0.996078" g="0.556863" b="0.364706" rain_r="0.996078" rain_g="0.556863" rain_b="0.364706" />
 <color value="20" object="Omni41hydlaa_plaza" type="light" r="0.996078" g="0.556863" b="0.364706" rain_r="0.996078" rain_g="0.556863" rain_b="0.364706" />
 <color value="20" object="Omni42hydlaa_plaza" type="light" r="0.996078" g="0.556863" b="0.364706" rain_r="0.996078" rain_g="0.556863" rain_b="0.364706" />
 <color value="20" object="crystalhydlaa_plaza" type="light" r="0.388235" g="0.270588" b="0.360784" rain_r="0.201946" rain_g="0.175604" rain_b="0.196678" />
 <color value="20" object="hydlaa_plaza" type="ambient" r="0.337255" g="0.282353" b="0.407843" rain_r="0.188235" rain_g="0.180392" rain_b="0.211765" />
 <color value="21" object="Omni35hydlaa_plaza" type="light" r="0.996078" g="0.556863" b="0.364706" rain_r="0.996078" rain_g="0.556863" rain_b="0.364706" />
 <color value="21" object="Omni36hydlaa_plaza" type="light" r="0.996078" g="0.556863" b="0.364706" rain_r="0.996078" rain_g="0.556863" rain_b="0.364706" />
 <color value="21" object="Omni37hydlaa_plaza" type="light" r="0.996078" g="0.556863" b="0.364706" rain_r="0.996078" rain_g="0.556863" rain_b="0.364706" />
 <color value="21" object="Omni38hydlaa_plaza" type="light" r="0.996078" g="0.556863" b="0.364706" rain_r="0.996078" rain_g="0.556863" rain_b="0.364706" />
 <color value="21" object="Omni39hydlaa_plaza" type="light" r="0.996078" g="0.556863" b="0.364706" rain_r="0.996078" rain_g="0.556863" rain_b="0.364706" />
 <color value="21" object="Omni40hydlaa_plaza" type="light" r="0.996078" g="0.556863" b="0.364706" rain_r="0.996078" rain_g="0.556863" rain_b="0.364706" />
 <color value="21" object="Omni41hydlaa_plaza" type="light" r="0.996078" g="0.556863" b="0.364706" rain_r="0.996078" rain_g="0.556863" rain_b="0.364706" />
 <color value="21" object="Omni42hydlaa_plaza" type="light" r="0.996078" g="0.556863" b="0.364706" rain_r="0.996078" rain_g="0.556863" rain_b="0.364706" />
 <color value="21" object="crystalhydlaa_plaza" type="light" r="0.243137" g="0.258824" b="0.364706" rain_r="0.165067" rain_g="0.165067" rain_b="0.191409" />
 <color value="21" object="hydlaa_plaza" type="ambient" r="0.211765" g="0.25098" b="0.392157" rain_r="0.172549" rain_g="0.172549" rain_b="0.196078" />
 <color value="22" object="Omni35hydlaa_plaza" type="light" r="0.996078" g="0.556863" b="0.364706" rain_r="0.996078" rain_g="0.556863" rain_b="0.364706" />
 <color value="22" object="Omni36hydlaa_plaza" type="light" r="0.996078" g="0.556863" b="0.364706" rain_r="0.996078" rain_g="0.556863" rain_b="0.364706" />
 <color value="22" object="Omni37hydlaa_plaza" type="light" r="0.996078" g="0.556863" b="0.364706" rain_r="0.996078" rain_g="0.556863" rain_b="0.364706" />
 <color value="22" object="Omni38hydlaa_plaza" type="light" r="0.996078" g="0.556863" b="0.364706" rain_r="0.996078" rain_g="0.556863" rain_b="0.364706" />
 <color value="22" object="Omni39hydlaa_plaza" type="light" r="0.996078" g="0.556863" b="0.364706" rain_r="0.996078" rain_g="0.556863" rain_b="0.364706" />
 <color value="22" object="Omni40hydlaa_plaza" type="light" r="0.996078" g="0.556863" b="0.364706" rain_r="0.996078" rain_g="0.556863" rain_b="0.364706" />
 <color value="22" object="Omni41hydlaa_plaza" type="light" r="0.996078" g="0.556863" b="0.364706" rain_r="0.996078" rain_g="0.556863" rain_b="0.364706" />
 <color value="22" object="Omni42hydlaa_plaza" type="light" r="0.996078" g="0.556863" b="0.364706" rain_r="0.996078" rain_g="0.556863" rain_b="0.364706" />
 <color value="22" object="crystalhydlaa_plaza" type="light" r="0.211765" g="0.254902" b="0.356863" rain_r="0.165067" rain_g="0.170336" rain_b="0.186141" />
 <color value="22" object="hydlaa_plaza" type="ambient" r="0.172549" g="0.243137" b="0.384314" rain_r="0.164706" rain_g="0.172549" rain_b="0.188235" />
 <color value="23" object="Omni35hydlaa_plaza" type="light" r="0.996078" g="0.556863" b="0.364706" rain_r="0.996078" rain_g="0.556863" rain_b="0.364706" />
 <color value="23" object="Omni36hydlaa_plaza" type="light" r="0.996078" g="0.556863" b="0.364706" rain_r="0.996078" rain_g="0.556863" rain_b="0.364706" />
 <color value="23" object="Omni37hydlaa_plaza" type="light" r="0.996078" g="0.556863" b="0.364706" rain_r="0.996078" rain_g="0.556863" rain_b="0.364706" />
 <color value="23" object="Omni38hydlaa_plaza" type="light" r="0.996078" g="0.556863" b="0.364706" rain_r="0.996078" rain_g="0.556863" rain_b="0.364706" />
 <color value="23" object="Omni39hydlaa_plaza" type="light" r="0.996078" g="0.556863" b="0.364706" rain_r="0.996078" rain_g="0.556863" rain_b="0.364706" />
 <color value="23" object="Omni40hydlaa_plaza" type="light" r="0.996078" g="0.556863" b="0.364706" rain_r="0.996078" rain_g="0.556863" rain_b="0.364706" />
 <color value="23" object="Omni41hydlaa_plaza" type="light" r="0.996078" g="0.556863" b="0.364706" rain_r="0.996078" rain_g="0.556863" rain_b="0.364706" />
 <color value="23" object="Omni42hydlaa_plaza" type="light" r="0.996078" g="0.556863" b="0.364706" rain_r="0.996078" rain_g="0.556863" rain_b="0.364706" />
 <color value="23" object="crystalhydlaa_plaza" type="light" r="0.211765" g="0.254902" b="0.34902" rain_r="0.165067" rain_g="0.170336" rain_b="0.186141" />
 <color value="23" object="hydlaa_plaza" type="ambient" r="0.172549" g="0.243137" b="0.384314" rain_r="0.164706" rain_g="0.172549" rain_b="0.188235" />
 <color value="0" object="tavern_de_kadel" type="ambient" r="0.313726" g="0.384314" b="0.501961" rain_r="0.313726" rain_g="0.384314" rain_b="0.501961" />
 <color value="1" object="tavern_de_kadel" type="ambient" r="0.313726" g="0.384314" b="0.509804" rain_r="0.313726" rain_g="0.384314" rain_b="0.509804" />
 <color value="2" object="tavern_de_kadel" type="ambient" r="0.313726" g="0.384314" b="0.501961" rain_r="0.313726" rain_g="0.384314" rain_b="0.501961" />
 <color value="3" object="tavern_de_kadel" type="ambient" r="0.313726" g="0.384314" b="0.509804" rain_r="0.313726" rain_g="0.384314" rain_b="0.509804" />
 <color value="4" object="tavern_de_kadel" type="ambient" r="0.313726" g="0.384314" b="0.501961" rain_r="0.313726" rain_g="0.384314" rain_b="0.501961" />
 <color value="5" object="tavern_de_kadel" type="ambient" r="0.313726" g="0.384314" b="0.509804" rain_r="0.313726" rain_g="0.384314" rain_b="0.509804" />
 <color value="6" object="tavern_de_kadel" type="ambient" r="0.313726" g="0.384314" b="0.501961" rain_r="0.313726" rain_g="0.384314" rain_b="0.501961" />
 <color value="7" object="tavern_de_kadel" type="ambient" r="0.313726" g="0.384314" b="0.509804" rain_r="0.313726" rain_g="0.384314" rain_b="0.509804" />
 <color value="8" object="tavern_de_kadel" type="ambient" r="0.313726" g="0.384314" b="0.501961" rain_r="0.313726" rain_g="0.384314" rain_b="0.501961" />
 <color value="9" object="tavern_de_kadel" type="ambient" r="0.313726" g="0.384314" b="0.509804" rain_r="0.313726" rain_g="0.384314" rain_b="0.509804" />
 <color value="10" object="tavern_de_kadel" type="ambient" r="0.313726" g="0.384314" b="0.501961" rain_r="0.313726" rain_g="0.384314" rain_b="0.501961" />
 <color value="11" object="tavern_de_kadel" type="ambient" r="0.313726" g="0.384314" b="0.509804" rain_r="0.313726" rain_g="0.384314" rain_b="0.509804" />
 <color value="12" object="tavern_de_kadel" type="ambient" r="0.313726" g="0.384314" b="0.501961" rain_r="0.313726" rain_g="0.384314" rain_b="0.501961" />
 <color value="13" object="tavern_de_kadel" type="ambient" r="0.313726" g="0.384314" b="0.509804" rain_r="0.313726" rain_g="0.384314" rain_b="0.509804" />
 <color value="14" object="tavern_de_kadel" type="ambient" r="0.313726" g="0.384314" b="0.501961" rain_r="0.313726" rain_g="0.384314" rain_b="0.501961" />
 <color value="15" object="tavern_de_kadel" type="ambient" r="0.313726" g="0.384314" b="0.509804" rain_r="0.313726" rain_g="0.384314" rain_b="0.509804" />
 <color value="16" object="tavern_de_kadel" type="ambient" r="0.313726" g="0.384314" b="0.501961" rain_r="0.313726" rain_g="0.384314" rain_b="0.501961" />
 <color value="17" object="tavern_de_kadel" type="ambient" r="0.313726" g="0.384314" b="0.509804" rain_r="0.313726" rain_g="0.384314" rain_b="0.509804" />
 <color value="18" object="tavern_de_kadel" type="ambient" r="0.313726" g="0.384314" b="0.501961" rain_r="0.313726" rain_g="0.384314" rain_b="0.501961" />
 <color value="19" object="tavern_de_kadel" type="ambient" r="0.313726" g="0.384314" b="0.509804" rain_r="0.313726" rain_g="0.384314" rain_b="0.509804" />
 <color value="20" object="tavern_de_kadel" type="ambient" r="0.313726" g="0.384314" b="0.501961" rain_r="0.313726" rain_g="0.384314" rain_b="0.501961" />
 <color value="21" object="tavern_de_kadel" type="ambient" r="0.313726" g="0.384314" b="0.509804" rain_r="0.313726" rain_g="0.384314" rain_b="0.509804" />
 <color value="22" object="tavern_de_kadel" type="ambient" r="0.313726" g="0.384314" b="0.501961" rain_r="0.313726" rain_g="0.384314" rain_b="0.501961" />
 <color value="23" object="tavern_de_kadel" type="ambient" r="0.313726" g="0.384314" b="0.501961" rain_r="0.313726" rain_g="0.384314" rain_b="0.501961" />
 <color value="0" object="windowless_tower" type="ambient" r="0.0941177" g="0.227451" b="0.27451" rain_r="0.0941177" rain_g="0.227451" rain_b="0.27451" />
 <color value="1" object="windowless_tower" type="ambient" r="0.0941177" g="0.235294" b="0.282353" rain_r="0.0941177" rain_g="0.235294" rain_b="0.282353" />
 <color value="2" object="windowless_tower" type="ambient" r="0.0941177" g="0.227451" b="0.27451" rain_r="0.0941177" rain_g="0.227451" rain_b="0.27451" />
 <color value="3" object="windowless_tower" type="ambient" r="0.0941177" g="0.235294" b="0.282353" rain_r="0.0941177" rain_g="0.235294" rain_b="0.282353" />
 <color value="4" object="windowless_tower" type="ambient" r="0.0941177" g="0.227451" b="0.27451" rain_r="0.0941177" rain_g="0.227451" rain_b="0.27451" />
 <color value="5" object="windowless_tower" type="ambient" r="0.0941177" g="0.235294" b="0.282353" rain_r="0.0941177" rain_g="0.235294" rain_b="0.282353" />
 <color value="6" object="windowless_tower" type="ambient" r="0.0941177" g="0.227451" b="0.27451" rain_r="0.0941177" rain_g="0.227451" rain_b="0.27451" />
 <color value="7" object="windowless_tower" type="ambient" r="0.0941177" g="0.235294" b="0.282353" rain_r="0.0941177" rain_g="0.235294" rain_b="0.282353" />
 <color value="8" object="windowless_tower" type="ambient" r="0.0941177" g="0.227451" b="0.27451" rain_r="0.0941177" rain_g="0.227451" rain_b="0.27451" />
 <color value="9" object="windowless_tower" type="ambient" r="0.0941177" g="0.235294" b="0.282353" rain_r="0.0941177" rain_g="0.235294" rain_b="0.282353" />
 <color value="10" object="windowless_tower" type="ambient" r="0.0941177" g="0.227451" b="0.27451" rain_r="0.0941177" rain_g="0.227451" rain_b="0.27451" />
 <color value="11" object="windowless_tower" type="ambient" r="0.0941177" g="0.235294" b="0.282353" rain_r="0.0941177" rain_g="0.235294" rain_b="0.282353" />
 <color value="12" object="windowless_tower" type="ambient" r="0.0941177" g="0.227451" b="0.27451" rain_r="0.0941177" rain_g="0.227451" rain_b="0.27451" />
 <color value="13" object="windowless_tower" type="ambient" r="0.0941177" g="0.235294" b="0.282353" rain_r="0.0941177" rain_g="0.235294" rain_b="0.282353" />
 <color value="14" object="windowless_tower" type="ambient" r="0.0941177" g="0.227451" b="0.27451" rain_r="0.0941177" rain_g="0.227451" rain_b="0.27451" />
 <color value="15" object="windowless_tower" type="ambient" r="0.0941177" g="0.235294" b="0.282353" rain_r="0.0941177" rain_g="0.235294" rain_b="0.282353" />
 <color value="16" object="windowless_tower" type="ambient" r="0.0941177" g="0.227451" b="0.27451" rain_r="0.0941177" rain_g="0.227451" rain_b="0.27451" />
 <color value="17" object="windowless_tower" type="ambient" r="0.0941177" g="0.235294" b="0.282353" rain_r="0.0941177" rain_g="0.235294" rain_b="0.282353" />
 <color value="18" object="windowless_tower" type="ambient" r="0.0941177" g="0.227451" b="0.27451" rain_r="0.0941177" rain_g="0.227451" rain_b="0.27451" />
 <color value="19" object="windowless_tower" type="ambient" r="0.0941177" g="0.235294" b="0.282353" rain_r="0.0941177" rain_g="0.235294" rain_b="0.282353" />
 <color value="20" object="windowless_tower" type="ambient" r="0.0941177" g="0.227451" b="0.27451" rain_r="0.0941177" rain_g="0.227451" rain_b="0.27451" />
 <color value="21" object="windowless_tower" type="ambient" r="0.0941177" g="0.235294" b="0.282353" rain_r="0.0941177" rain_g="0.235294" rain_b="0.282353" />
 <color value="22" object="windowless_tower" type="ambient" r="0.0941177" g="0.227451" b="0.27451" rain_r="0.0941177" rain_g="0.227451" rain_b="0.27451" />
 <color value="23" object="windowless_tower" type="ambient" r="0.0941177" g="0.227451" b="0.27451" rain_r="0.0941177" rain_g="0.227451" rain_b="0.27451" />
 <color value="0" object="windowless_tower_dungeon" type="ambient" r="0.0941177" g="0.227451" b="0.27451" rain_r="0.0941177" rain_g="0.227451" rain_b="0.27451" />
 <color value="1" object="windowless_tower_dungeon" type="ambient" r="0.0941177" g="0.235294" b="0.282353" rain_r="0.0941177" rain_g="0.235294" rain_b="0.282353" />
 <color value="2" object="windowless_tower_dungeon" type="ambient" r="0.0941177" g="0.227451" b="0.27451" rain_r="0.0941177" rain_g="0.227451" rain_b="0.27451" />
 <color value="3" object="windowless_tower_dungeon" type="ambient" r="0.0941177" g="0.235294" b="0.282353" rain_r="0.0941177" rain_g="0.235294" rain_b="0.282353" />
 <color value="4" object="windowless_tower_dungeon" type="ambient" r="0.0941177" g="0.227451" b="0.27451" rain_r="0.0941177" rain_g="0.227451" rain_b="0.27451" />
 <color value="5" object="windowless_tower_dungeon" type="ambient" r="0.0941177" g="0.235294" b="0.282353" rain_r="0.0941177" rain_g="0.235294" rain_b="0.282353" />
 <color value="6" object="windowless_tower_dungeon" type="ambient" r="0.0941177" g="0.227451" b="0.27451" rain_r="0.0941177" rain_g="0.227451" rain_b="0.27451" />
 <color value="7" object="windowless_tower_dungeon" type="ambient" r="0.0941177" g="0.235294" b="0.282353" rain_r="0.0941177" rain_g="0.235294" rain_b="0.282353" />
 <color value="8" object="windowless_tower_dungeon" type="ambient" r="0.0941177" g="0.227451" b="0.27451" rain_r="0.0941177" rain_g="0.227451" rain_b="0.27451" />
 <color value="9" object="windowless_tower_dungeon" type="ambient" r="0.0941177" g="0.235294" b="0.282353" rain_r="0.0941177" rain_g="0.235294" rain_b="0.282353" />
 <color value="10" object="windowless_tower_dungeon" type="ambient" r="0.0941177" g="0.227451" b="0.27451" rain_r="0.0941177" rain_g="0.227451" rain_b="0.27451" />
 <color value="11" object="windowless_tower_dungeon" type="ambient" r="0.0941177" g="0.235294" b="0.282353" rain_r="0.0941177" rain_g="0.235294" rain_b="0.282353" />
 <color value="12" object="windowless_tower_dungeon" type="ambient" r="0.0941177" g="0.227451" b="0.27451" rain_r="0.0941177" rain_g="0.227451" rain_b="0.27451" />
 <color value="13" object="windowless_tower_dungeon" type="ambient" r="0.0941177" g="0.235294" b="0.282353" rain_r="0.0941177" rain_g="0.235294" rain_b="0.282353" />
 <color value="14" object="windowless_tower_dungeon" type="ambient" r="0.0941177" g="0.227451" b="0.27451" rain_r="0.0941177" rain_g="0.227451" rain_b="0.27451" />
 <color value="15" object="windowless_tower_dungeon" type="ambient" r="0.0941177" g="0.235294" b="0.282353" rain_r="0.0941177" rain_g="0.235294" rain_b="0.282353" />
 <color value="16" object="windowless_tower_dungeon" type="ambient" r="0.0941177" g="0.227451" b="0.27451" rain_r="0.0941177" rain_g="0.227451" rain_b="0.27451" />
 <color value="17" object="windowless_tower_dungeon" type="ambient" r="0.0941177" g="0.235294" b="0.282353" rain_r="0.0941177" rain_g="0.235294" rain_b="0.282353" />
 <color value="18" object="windowless_tower_dungeon" type="ambient" r="0.0941177" g="0.227451" b="0.27451" rain_r="0.0941177" rain_g="0.227451" rain_b="0.27451" />
 <color value="19" object="windowless_tower_dungeon" type="ambient" r="0.0941177" g="0.235294" b="0.282353" rain_r="0.0941177" rain_g="0.235294" rain_b="0.282353" />
 <color value="20" object="windowless_tower_dungeon" type="ambient" r="0.0941177" g="0.227451" b="0.27451" rain_r="0.0941177" rain_g="0.227451" rain_b="0.27451" />
 <color value="21" object="windowless_tower_dungeon" type="ambient" r="0.0941177" g="0.235294" b="0.282353" rain_r="0.0941177" rain_g="0.235294" rain_b="0.282353" />
 <color value="22" object="windowless_tower_dungeon" type="ambient" r="0.0941177" g="0.227451" b="0.27451" rain_r="0.0941177" rain_g="0.227451" rain_b="0.27451" />
 <color value="23" object="windowless_tower_dungeon" type="ambient" r="0.0941177" g="0.227451" b="0.27451" rain_r="0.0941177" rain_g="0.227451" rain_b="0.27451" />
 <color value="0" object="windowless_tower_exit" type="ambient" r="0.0941177" g="0.227451" b="0.27451" rain_r="0.0941177" rain_g="0.227451" rain_b="0.27451" />
 <color value="1" object="windowless_tower_exit" type="ambient" r="0.0941177" g="0.235294" b="0.282353" rain_r="0.0941177" rain_g="0.235294" rain_b="0.282353" />
 <color value="2" object="windowless_tower_exit" type="ambient" r="0.0941177" g="0.227451" b="0.27451" rain_r="0.0941177" rain_g="0.227451" rain_b="0.27451" />
 <color value="3" object="windowless_tower_exit" type="ambient" r="0.0941177" g="0.235294" b="0.282353" rain_r="0.0941177" rain_g="0.235294" rain_b="0.282353" />
 <color value="4" object="windowless_tower_exit" type="ambient" r="0.0941177" g="0.227451" b="0.27451" rain_r="0.0941177" rain_g="0.227451" rain_b="0.27451" />
 <color value="5" object="windowless_tower_exit" type="ambient" r="0.0941177" g="0.235294" b="0.282353" rain_r="0.0941177" rain_g="0.235294" rain_b="0.282353" />
 <color value="6" object="windowless_tower_exit" type="ambient" r="0.0941177" g="0.227451" b="0.27451" rain_r="0.0941177" rain_g="0.227451" rain_b="0.27451" />
 <color value="7" object="windowless_tower_exit" type="ambient" r="0.0941177" g="0.235294" b="0.282353" rain_r="0.0941177" rain_g="0.235294" rain_b="0.282353" />
 <color value="8" object="windowless_tower_exit" type="ambient" r="0.0941177" g="0.227451" b="0.27451" rain_r="0.0941177" rain_g="0.227451" rain_b="0.27451" />
 <color value="9" object="windowless_tower_exit" type="ambient" r="0.0941177" g="0.235294" b="0.282353" rain_r="0.0941177" rain_g="0.235294" rain_b="0.282353" />
 <color value="10" object="windowless_tower_exit" type="ambient" r="0.0941177" g="0.227451" b="0.27451" rain_r="0.0941177" rain_g="0.227451" rain_b="0.27451" />
 <color value="11" object="windowless_tower_exit" type="ambient" r="0.0941177" g="0.235294" b="0.282353" rain_r="0.0941177" rain_g="0.235294" rain_b="0.282353" />
 <color value="12" object="windowless_tower_exit" type="ambient" r="0.0941177" g="0.227451" b="0.27451" rain_r="0.0941177" rain_g="0.227451" rain_b="0.27451" />
 <color value="13" object="windowless_tower_exit" type="ambient" r="0.0941177" g="0.235294" b="0.282353" rain_r="0.0941177" rain_g="0.235294" rain_b="0.282353" />
 <color value="14" object="windowless_tower_exit" type="ambient" r="0.0941177" g="0.227451" b="0.27451" rain_r="0.0941177" rain_g="0.227451" rain_b="0.27451" />
 <color value="15" object="windowless_tower_exit" type="ambient" r="0.0941177" g="0.235294" b="0.282353" rain_r="0.0941177" rain_g="0.235294" rain_b="0.282353" />
 <color value="16" object="windowless_tower_exit" type="ambient" r="0.0941177" g="0.227451" b="0.27451" rain_r="0.0941177" rain_g="0.227451" rain_b="0.27451" />
 <color value="17" object="windowless_tower_exit" type="ambient" r="0.0941177" g="0.235294" b="0.282353" rain_r="0.0941177" rain_g="0.235294" rain_b="0.282353" />
 <color value="18" object="windowless_tower_exit" type="ambient" r="0.0941177" g="0.227451" b="0.27451" rain_r="0.0941177" rain_g="0.227451" rain_b="0.27451" />
 <color value="19" object="windowless_tower_exit" type="ambient" r="0.0941177" g="0.235294" b="0.282353" rain_r="0.0941177" rain_g="0.235294" rain_b="0.282353" />
 <color value="20" object="windowless_tower_exit" type="ambient" r="0.0941177" g="0.227451" b="0.27451" rain_r="0.0941177" rain_g="0.227451" rain_b="0.27451" />
 <color value="21" object="windowless_tower_exit" type="ambient" r="0.0941177" g="0.235294" b="0.282353" rain_r="0.0941177" rain_g="0.235294" rain_b="0.282353" />
 <color value="22" object="windowless_tower_exit" type="ambient" r="0.0941177" g="0.227451" b="0.27451" rain_r="0.0941177" rain_g="0.227451" rain_b="0.27451" />
 <color value="23" object="windowless_tower_exit" type="ambient" r="0.0941177" g="0.227451" b="0.27451" rain_r="0.0941177" rain_g="0.227451" rain_b="0.27451" />
 <color value="0" object="L060_74_164_177_500windowless_tower_top" type="light" r="0.184314" g="0.419608" b="0.447059" rain_r="0.184314" rain_g="0.419608" rain_b="0.447059" />
 <color value="0" object="sun_02windowless_tower_top" type="light" r="0.0635294" g="0.0764706" b="0.104706" rain_r="0.0635294" rain_g="0.0764706" rain_b="0.104706" />
 <color value="0" object="windowless_tower_top" type="ambient" r="0.0941177" g="0.227451" b="0.27451" rain_r="0.0941177" rain_g="0.227451" rain_b="0.27451" />
 <color value="0" object="crystalwindowless_tower_top" type="light" r="0.847059" g="1.01961" b="1.39608" rain_r="0.660269" rain_g="0.681343" rain_b="0.744563" />
 <color value="1" object="L060_74_164_177_500windowless_tower_top" type="light" r="0.184314" g="0.419608" b="0.447059" rain_r="0.184314" rain_g="0.419608" rain_b="0.447059" />
 <color value="1" object="sun_02windowless_tower_top" type="light" r="0.0635294" g="0.0764706" b="0.104706" rain_r="0.0635294" rain_g="0.0764706" rain_b="0.104706" />
 <color value="1" object="windowless_tower_top" type="ambient" r="0.0941177" g="0.235294" b="0.282353" rain_r="0.0941177" rain_g="0.227451" rain_b="0.27451" />
 <color value="1" object="crystalwindowless_tower_top" type="light" r="0.847059" g="1.01961" b="1.39608" rain_r="0.660269" rain_g="0.681343" rain_b="0.744563" />
 <color value="2" object="L060_74_164_177_500windowless_tower_top" type="light" r="0.184314" g="0.419608" b="0.447059" rain_r="0.184314" rain_g="0.419608" rain_b="0.447059" />
 <color value="2" object="sun_02windowless_tower_top" type="light" r="0.0635294" g="0.0764706" b="0.104706" rain_r="0.0635294" rain_g="0.0764706" rain_b="0.104706" />
 <color value="2" object="windowless_tower_top" type="ambient" r="0.0941177" g="0.227451" b="0.27451" rain_r="0.0941177" rain_g="0.227451" rain_b="0.27451" />
 <color value="2" object="crystalwindowless_tower_top" type="light" r="0.847059" g="1.01961" b="1.39608" rain_r="0.660269" rain_g="0.681343" rain_b="0.744563" />
 <color value="3" object="L060_74_164_177_500windowless_tower_top" type="light" r="0.184314" g="0.419608" b="0.447059" rain_r="0.184314" rain_g="0.419608" rain_b="0.447059" />
 <color value="3" object="sun_02windowless_tower_top" type="light" r="0.0635294" g="0.0764706" b="0.104706" rain_r="0.0635294" rain_g="0.0764706" rain_b="0.104706" />
 <color value="3" object="windowless_tower_top" type="ambient" r="0.0941177" g="0.235294" b="0.282353" rain_r="0.0941177" rain_g="0.227451" rain_b="0.27451" />
 <color value="3" object="crystalwindowless_tower_top" type="light" r="0.847059" g="1.01961" b="1.39608" rain_r="0.660269" rain_g="0.681343" rain_b="0.744563" />
 <color value="4" object="L060_74_164_177_500windowless_tower_top" type="light" r="0.184314" g="0.419608" b="0.447059" rain_r="0.184314" rain_g="0.419608" rain_b="0.447059" />
 <color value="4" object="sun_02windowless_tower_top" type="light" r="0.0635294" g="0.0764706" b="0.104706" rain_r="0.0635294" rain_g="0.0764706" rain_b="0.104706" />
 <color value="4" object="windowless_tower_top" type="ambient" r="0.0941177" g="0.227451" b="0.27451" rain_r="0.0941177" rain_g="0.227451" rain_b="0.27451" />
 <color value="4" object="crystalwindowless_tower_top" type="light" r="0.847059" g="1.01961" b="1.39608" rain_r="0.660269" rain_g="0.681343" rain_b="0.744563" />
 <color value="5" object="L060_74_164_177_500windowless_tower_top" type="light" r="0.184314" g="0.419608" b="0.447059" rain_r="0.184314" rain_g="0.419608" rain_b="0.447059" />
 <color value="5" object="sun_02windowless_tower_top" type="light" r="0.0635294" g="0.0764706" b="0.104706" rain_r="0.0635294" rain_g="0.0764706" rain_b="0.104706" />
 <color value="5" object="windowless_tower_top" type="ambient" r="0.0941177" g="0.235294" b="0.282353" rain_r="0.0941177" rain_g="0.227451" rain_b="0.27451" />
 <color value="5" object="crystalwindowless_tower_top" type="light" r="0.847059" g="1.01961" b="1.39608" rain_r="0.660269" rain_g="0.681343" rain_b="0.744563" />
 <color value="6" object="L060_74_164_177_500windowless_tower_top" type="light" r="0.210748" g="0.47756" b="0.510094" rain_r="0.184314" rain_g="0.419608" rain_b="0.447059" />
 <color value="6" object="sun_02windowless_tower_top" type="light" r="0.082353" g="0.0870588" b="0.1" rain_r="0.0635294" rain_g="0.0764706" rain_b="0.104706" />
 <color value="6" object="windowless_tower_top" type="ambient" r="0.0941177" g="0.227451" b="0.27451" rain_r="0.0941177" rain_g="0.227451" rain_b="0.27451" />
 <color value="6" object="crystalwindowless_tower_top" type="light" r="1.09804" g="1.16078" b="1.33333" rain_r="0.660269" rain_g="0.681343" rain_b="0.702416" />
 <color value="7" object="L060_74_164_177_500windowless_tower_top" type="light" r="0.25984" g="0.585185" b="0.627161" rain_r="0.184314" rain_g="0.419608" rain_b="0.447059" />
 <color value="7" object="sun_02windowless_tower_top" type="light" r="0.122353" g="0.110588" b="0.0952941" rain_r="0.0635294" rain_g="0.0764706" rain_b="0.104706" />
 <color value="7" object="windowless_tower_top" type="ambient" r="0.0941177" g="0.235294" b="0.282353" rain_r="0.0941177" rain_g="0.227451" rain_b="0.27451" />
 <color value="7" object="crystalwindowless_tower_top" type="light" r="1.63137" g="1.47451" b="1.27059" rain_r="0.828857" rain_g="0.78671" rain_b="0.765637" />
 <color value="8" object="L060_74_164_177_500windowless_tower_top" type="light" r="0.286275" g="0.643137" b="0.690196" rain_r="0.184314" rain_g="0.419608" rain_b="0.447059" />
 <color value="8" object="sun_02windowless_tower_top" type="light" r="0.181176" g="0.161176" b="0.128235" rain_r="0.0635294" rain_g="0.0764706" rain_b="0.104706" />
 <color value="8" object="windowless_tower_top" type="ambient" r="0.0941177" g="0.227451" b="0.27451" rain_r="0.0941177" rain_g="0.227451" rain_b="0.27451" />
 <color value="8" object="crystalwindowless_tower_top" type="light" r="2.41569" g="2.14902" b="1.7098" rain_r="1.18711" rain_g="1.12389" rain_b="1.03959" />
 <color value="9" object="L060_74_164_177_500windowless_tower_top" type="light" r="0.285918" g="0.642458" b="0.689367" rain_r="0.184314" rain_g="0.419608" rain_b="0.447059" />
 <color value="9" object="sun_02windowless_tower_top" type="light" r="0.24" g="0.217647" b="0.178824" rain_r="0.0635294" rain_g="0.0764706" rain_b="0.104706" />
 <color value="9" object="windowless_tower_top" type="ambient" r="0.0941177" g="0.235294" b="0.282353" rain_r="0.0941177" rain_g="0.227451" rain_b="0.27451" />
 <color value="9" object="crystalwindowless_tower_top" type="light" r="3.2" g="2.90196" b="2.38431" rain_r="1.52428" rain_g="1.46106" rain_b="1.33462" />
 <color value="10" object="L060_74_164_177_500windowless_tower_top" type="light" r="0.284849" g="0.640392" b="0.686874" rain_r="0.184314" rain_g="0.419608" rain_b="0.447059" />
 <color value="10" object="sun_02windowless_tower_top" type="light" r="0.272941" g="0.251765" b="0.214118" rain_r="0.0635294" rain_g="0.0764706" rain_b="0.104706" />
 <color value="10" object="windowless_tower_top" type="ambient" r="0.0941177" g="0.227451" b="0.27451" rain_r="0.0941177" rain_g="0.227451" rain_b="0.27451" />
 <color value="10" object="crystalwindowless_tower_top" type="light" r="3.63922" g="3.35686" b="2.8549" rain_r="1.73502" rain_g="1.6718" rain_b="1.56643" />
 <color value="11" object="L060_74_164_177_500windowless_tower_top" type="light" r="0.283066" g="0.636902" b="0.68271" rain_r="0.184314" rain_g="0.419608" rain_b="0.447059" />
 <color value="11" object="sun_02windowless_tower_top" type="light" r="0.291765" g="0.270588" b="0.24" rain_r="0.0635294" rain_g="0.0764706" rain_b="0.104706" />
 <color value="11" object="windowless_tower_top" type="ambient" r="0.0941177" g="0.235294" b="0.282353" rain_r="0.0941177" rain_g="0.227451" rain_b="0.27451" />
 <color value="11" object="crystalwindowless_tower_top" type="light" r="3.8902" g="3.60784" b="3.2" rain_r="1.84038" rain_g="1.77716" rain_b="1.69287" />
 <color value="12" object="L060_74_164_177_500windowless_tower_top" type="light" r="0.28057" g="0.631947" b="0.676866" rain_r="0.184314" rain_g="0.419608" rain_b="0.447059" />
 <color value="12" object="sun_02windowless_tower_top" type="light" r="0.3" g="0.281177" b="0.254118" rain_r="0.0635294" rain_g="0.0764706" rain_b="0.104706" />
 <color value="12" object="windowless_tower_top" type="ambient" r="0.0941177" g="0.227451" b="0.27451" rain_r="0.0941177" rain_g="0.227451" rain_b="0.27451" />
 <color value="12" object="crystalwindowless_tower_top" type="light" r="4.0" g="3.74902" b="3.38824" rain_r="1.88253" rain_g="1.84038" rain_b="1.75609" />
 <color value="13" object="L060_74_164_177_500windowless_tower_top" type="light" r="0.277362" g="0.625488" b="0.669334" rain_r="0.184314" rain_g="0.419608" rain_b="0.447059" />
 <color value="13" object="sun_02windowless_tower_top" type="light" r="0.3" g="0.276471" b="0.237647" rain_r="0.0635294" rain_g="0.0764706" rain_b="0.104706" />
 <color value="13" object="windowless_tower_top" type="ambient" r="0.0941177" g="0.235294" b="0.282353" rain_r="0.0941177" rain_g="0.227451" rain_b="0.27451" />
 <color value="13" object="crystalwindowless_tower_top" type="light" r="4.0" g="3.68627" b="3.16863" rain_r="1.88253" rain_g="1.81931" rain_b="1.73502" />
 <color value="14" object="L060_74_164_177_500windowless_tower_top" type="light" r="0.27344" g="0.617485" b="0.660105" rain_r="0.184314" rain_g="0.419608" rain_b="0.447059" />
 <color value="14" object="sun_02windowless_tower_top" type="light" r="0.297647" g="0.258824" b="0.192941" rain_r="0.0635294" rain_g="0.0764706" rain_b="0.104706" />
 <color value="14" object="windowless_tower_top" type="ambient" r="0.0941177" g="0.227451" b="0.27451" rain_r="0.0941177" rain_g="0.227451" rain_b="0.27451" />
 <color value="14" object="crystalwindowless_tower_top" type="light" r="3.96863" g="3.45098" b="2.57255" rain_r="1.86146" rain_g="1.77716" rain_b="1.65072" />
 <color value="15" object="L060_74_164_177_500windowless_tower_top" type="light" r="0.268806" g="0.6079" b="0.649173" rain_r="0.184314" rain_g="0.419608" rain_b="0.447059" />
 <color value="15" object="sun_02windowless_tower_top" type="light" r="0.285882" g="0.235294" b="0.158824" rain_r="0.0635294" rain_g="0.0764706" rain_b="0.104706" />
 <color value="15" object="windowless_tower_top" type="ambient" r="0.0941177" g="0.235294" b="0.282353" rain_r="0.0941177" rain_g="0.227451" rain_b="0.27451" />
 <color value="15" object="crystalwindowless_tower_top" type="light" r="3.81176" g="3.13726" b="2.11765" rain_r="1.79824" rain_g="1.71394" rain_b="1.56643" />
 <color value="16" object="L060_74_164_177_500windowless_tower_top" type="light" r="0.263458" g="0.596692" b="0.636528" rain_r="0.184314" rain_g="0.419608" rain_b="0.447059" />
 <color value="16" object="sun_02windowless_tower_top" type="light" r="0.267059" g="0.205882" b="0.129412" rain_r="0.0635294" rain_g="0.0764706" rain_b="0.104706" />
 <color value="16" object="windowless_tower_top" type="ambient" r="0.0941177" g="0.227451" b="0.27451" rain_r="0.0941177" rain_g="0.227451" rain_b="0.27451" />
 <color value="16" object="crystalwindowless_tower_top" type="light" r="3.56078" g="2.7451" b="1.72549" rain_r="1.69287" rain_g="1.5875" rain_b="1.43999" />
 <color value="17" object="L060_74_164_177_500windowless_tower_top" type="light" r="0.257398" g="0.583823" b="0.622162" rain_r="0.184314" rain_g="0.419608" rain_b="0.447059" />
 <color value="17" object="sun_02windowless_tower_top" type="light" r="0.242353" g="0.169412" b="0.105882" rain_r="0.0635294" rain_g="0.0764706" rain_b="0.104706" />
 <color value="17" object="windowless_tower_top" type="ambient" r="0.0941177" g="0.235294" b="0.282353" rain_r="0.0941177" rain_g="0.227451" rain_b="0.27451" />
 <color value="17" object="crystalwindowless_tower_top" type="light" r="3.23137" g="2.25882" b="1.41176" rain_r="1.48214" rain_g="1.37677" rain_b="1.2714" />
 <color value="18" object="L060_74_164_177_500windowless_tower_top" type="light" r="0.250624" g="0.569252" b="0.606067" rain_r="0.184314" rain_g="0.419608" rain_b="0.447059" />
 <color value="18" object="sun_02windowless_tower_top" type="light" r="0.209412" g="0.135294" b="0.0917647" rain_r="0.0635294" rain_g="0.0764706" rain_b="0.104706" />
 <color value="18" object="windowless_tower_top" type="ambient" r="0.0941177" g="0.227451" b="0.27451" rain_r="0.0941177" rain_g="0.227451" rain_b="0.27451" />
 <color value="18" object="crystalwindowless_tower_top" type="light" r="2.79216" g="1.80392" b="1.22353" rain_r="1.25033" rain_g="1.14496" rain_b="1.08174" />
 <color value="19" object="L060_74_164_177_500windowless_tower_top" type="light" r="0.243137" g="0.552941" b="0.588235" rain_r="0.184314" rain_g="0.419608" rain_b="0.447059" />
 <color value="19" object="sun_02windowless_tower_top" type="light" r="0.164706" g="0.0976471" b="0.0976471" rain_r="0.0635294" rain_g="0.0764706" rain_b="0.104706" />
 <color value="19" object="windowless_tower_top" type="ambient" r="0.0941177" g="0.235294" b="0.282353" rain_r="0.0941177" rain_g="0.227451" rain_b="0.27451" />
 <color value="19" object="crystalwindowless_tower_top" type="light" r="2.19608" g="1.30196" b="1.30196" rain_r="1.01852" rain_g="0.913151" rain_b="0.913151" />
 <color value="20" object="L060_74_164_177_500windowless_tower_top" type="light" r="0.211765" g="0.481976" b="0.512971" rain_r="0.184314" rain_g="0.419608" rain_b="0.447059" />
 <color value="20" object="sun_02windowless_tower_top" type="light" r="0.116471" g="0.0811765" b="0.108235" rain_r="0.0635294" rain_g="0.0764706" rain_b="0.104706" />
 <color value="20" object="windowless_tower_top" type="ambient" r="0.0941177" g="0.227451" b="0.27451" rain_r="0.0941177" rain_g="0.227451" rain_b="0.27451" />
 <color value="20" object="crystalwindowless_tower_top" type="light" r="1.55294" g="1.08235" b="1.44314" rain_r="0.807784" rain_g="0.702416" rain_b="0.78671" />
 <color value="21" object="L060_74_164_177_500windowless_tower_top" type="light" r="0.184314" g="0.419608" b="0.447059" rain_r="0.184314" rain_g="0.419608" rain_b="0.447059" />
 <color value="21" object="sun_02windowless_tower_top" type="light" r="0.0729412" g="0.0776471" b="0.109412" rain_r="0.0635294" rain_g="0.0764706" rain_b="0.104706" />
 <color value="21" object="windowless_tower_top" type="ambient" r="0.0941177" g="0.235294" b="0.282353" rain_r="0.0941177" rain_g="0.227451" rain_b="0.27451" />
 <color value="21" object="crystalwindowless_tower_top" type="light" r="0.972549" g="1.03529" b="1.45882" rain_r="0.660269" rain_g="0.660269" rain_b="0.765637" />
 <color value="22" object="L060_74_164_177_500windowless_tower_top" type="light" r="0.184314" g="0.419608" b="0.447059" rain_r="0.184314" rain_g="0.419608" rain_b="0.447059" />
 <color value="22" object="sun_02windowless_tower_top" type="light" r="0.0635294" g="0.0764706" b="0.107059" rain_r="0.0635294" rain_g="0.0764706" rain_b="0.104706" />
 <color value="22" object="windowless_tower_top" type="ambient" r="0.0941177" g="0.227451" b="0.27451" rain_r="0.0941177" rain_g="0.227451" rain_b="0.27451" />
 <color value="22" object="crystalwindowless_tower_top" type="light" r="0.847059" g="1.01961" b="1.42745" rain_r="0.660269" rain_g="0.681343" rain_b="0.744563" />
 <color value="23" object="L060_74_164_177_500windowless_tower_top" type="light" r="0.184314" g="0.419608" b="0.447059" rain_r="0.184314" rain_g="0.419608" rain_b="0.447059" />
 <color value="23" object="sun_02windowless_tower_top" type="light" r="0.0635294" g="0.0764706" b="0.104706" rain_r="0.0635294" rain_g="0.0764706" rain_b="0.104706" />
 <color value="23" object="windowless_tower_top" type="ambient" r="0.0941177" g="0.227451" b="0.27451" rain_r="0.0941177" rain_g="0.227451" rain_b="0.27451" />
 <color value="23" object="crystalwindowless_tower_top" type="light" r="0.847059" g="1.01961" b="1.39608" rain_r="0.660269" rain_g="0.681343" rain_b="0.744563" />
</lighting>
